"Sample_Name","Substrate","Frequency","Substrate_Frequency","Replicate","Time","Run","MDS1","MDS2","MDS3"
"1C_A_1","Cellulose","1","1C","A",1,"run1",-0.335927245255399,1.26871406008838,-0.208319270871186
"1C_A_2","Cellulose","1","1C","A",2,"run1",-0.419300604293629,1.32049535322796,-0.223960906169346
"1C_A_5","Cellulose","1","1C","A",5,"run1",-0.606024724535673,1.21750472259422,-0.207955017570181
"1C_A_6","Cellulose","1","1C","A",6,"run1",-1.01878523084628,0.576863910604783,-0.0733351795688596
"1C_A_7","Cellulose","1","1C","A",7,"run1",-0.938791390785163,0.886805886572926,-0.204607882247907
"1C_B_1","Cellulose","1","1C","B",1,"run1",-0.344040487848788,1.26383436985554,-0.180666127143169
"1C_B_2","Cellulose","1","1C","B",2,"run1",-0.331694519827259,1.26519120114109,-0.158486610999466
"1C_B_4","Cellulose","1","1C","B",4,"run1",-0.539101301610245,1.22153665753053,-0.220197646302782
"1C_B_5","Cellulose","1","1C","B",5,"run1",-0.575610207776806,1.22249692651147,-0.211461082044317
"1C_B_7","Cellulose","1","1C","B",7,"run1",-0.935140556210632,0.728673167374271,-0.17049280305513
"1C_C_1","Cellulose","1","1C","C",1,"run1",-0.398145184861703,1.22194583002183,-0.174506745696617
"1C_C_2","Cellulose","1","1C","C",2,"run1",-0.438134682904656,1.30700416969448,-0.196908640566483
"1C_C_4","Cellulose","1","1C","C",4,"run1",-0.601674383021485,1.25520291643195,-0.248760632948328
"1C_C_6","Cellulose","1","1C","C",6,"run1",-1.03664907706078,0.588889636904877,-0.0784984149749974
"1C_C_7","Cellulose","1","1C","C",7,"run1",-1.12498667840216,0.630406198209514,-0.0907463413692781
"1C_D_1","Cellulose","1","1C","D",1,"run1",-0.419005011457452,1.2902250731701,-0.1666992294515
"1C_D_2","Cellulose","1","1C","D",2,"run1",-0.377421749152772,1.27104092802417,-0.155893626678904
"1C_D_3","Cellulose","1","1C","D",3,"run1",-0.405143584594201,1.2386009804539,-0.182027907226218
"1C_D_4","Cellulose","1","1C","D",4,"run1",-0.517054302017191,1.28794253648777,-0.205127217955205
"1C_D_5","Cellulose","1","1C","D",5,"run1",-0.646782747284215,1.12901047101478,-0.199217934249815
"1C_D_6","Cellulose","1","1C","D",6,"run1",-0.938038163905683,0.73835516281465,-0.157765136672779
"1C_E_1","Cellulose","1","1C","E",1,"run1",-0.377249426783469,1.23195058103868,-0.188920750083107
"1C_E_2","Cellulose","1","1C","E",2,"run1",-0.482580500361525,1.30489040952968,-0.234135671047778
"1C_E_3","Cellulose","1","1C","E",3,"run1",-0.292440263917766,1.21614377229958,-0.20680085070496
"1C_E_4","Cellulose","1","1C","E",4,"run1",-0.32248314904068,1.19324093915061,-0.261581386252748
"1C_E_5","Cellulose","1","1C","E",5,"run1",-0.474117846108397,1.11962819186646,-0.184234152514424
"1C_E_6","Cellulose","1","1C","E",6,"run1",-0.819070656752812,0.896457682816616,-0.206231264971917
"1G_A_2","Glucose","1","1G","A",2,"run1",0.897315403126375,-0.120908718668332,0.301448975502292
"1G_A_4","Glucose","1","1G","A",4,"run1",0.873657383793257,-0.0171068991555964,0.498196811374936
"1G_A_5","Glucose","1","1G","A",5,"run1",0.840162243994759,0.000746199386910596,0.519655100961619
"1G_A_6","Glucose","1","1G","A",6,"run1",0.772692816385159,-0.425709900803449,-0.193490874971223
"1G_B_2","Glucose","1","1G","B",2,"run1",0.611737228392874,-0.199735326368022,0.829119419538625
"1G_B_4","Glucose","1","1G","B",4,"run1",0.705675399685766,-0.0924362554561859,0.852331343466435
"1G_B_5","Glucose","1","1G","B",5,"run1",0.631999030931652,-0.281536309279536,0.653794003326229
"1G_B_6","Glucose","1","1G","B",6,"run1",0.735801618167379,-0.500163656180951,0.122773379756452
"1G_B_7","Glucose","1","1G","B",7,"run1",0.729048968954124,-0.363594528985111,0.347639244964301
"1G_C_4","Glucose","1","1G","C",4,"run1",0.626547602402344,-0.161168760928285,0.850810706413582
"1G_C_5","Glucose","1","1G","C",5,"run1",0.620860333032515,-0.262626986032859,0.711764152184502
"1G_C_7","Glucose","1","1G","C",7,"run1",0.65412133113374,-0.265891267093235,0.649146146007519
"1G_D_1","Glucose","1","1G","D",1,"run1",0.763952409725911,-0.31783614072977,0.59128728103545
"1G_D_2","Glucose","1","1G","D",2,"run1",0.746048484452268,-0.370659773131541,0.375963508276379
"1G_D_4","Glucose","1","1G","D",4,"run1",0.745444099777714,-0.175762976681465,0.569002189009877
"1G_D_6","Glucose","1","1G","D",6,"run1",0.699995599879061,-0.365378184059073,0.204139148155805
"1G_D_7","Glucose","1","1G","D",7,"run1",0.710458632270042,-0.330821315971232,0.33296539327967
"1G_E_1","Glucose","1","1G","E",1,"run1",0.783019047689865,-0.268025232750187,0.548545260642335
"1G_E_2","Glucose","1","1G","E",2,"run1",0.743140814907082,-0.379866997170259,0.242063124238797
"1G_E_4","Glucose","1","1G","E",4,"run1",0.764616261454788,-0.163291733702654,0.530779339381446
"1G_E_5","Glucose","1","1G","E",5,"run1",0.7317949612928,-0.329962811237894,0.254210430737929
"1G_E_6","Glucose","1","1G","E",6,"run1",0.752228127300834,-0.348131832772729,-0.121350345468836
"2C_A_2","Cellulose","2","2C","A",2,"run1",-0.335125764386393,0.620318269307221,0.901756249881572
"2C_B_2","Cellulose","2","2C","B",2,"run1",-0.877515297592157,0.702485411831566,-0.147967794503847
"2C_B_3","Cellulose","2","2C","B",3,"run1",-1.14840913877224,0.452403240867649,0.0709419868816788
"2C_C_1","Cellulose","2","2C","C",1,"run1",-0.456669141750214,1.03384006078172,-0.23270078880105
"2C_C_3","Cellulose","2","2C","C",3,"run1",-1.06116365907653,0.460641235636557,0.0339756062064037
"2C_D_1","Cellulose","2","2C","D",1,"run1",-0.275300370523977,1.02225680567295,-0.214011384506617
"2C_D_2","Cellulose","2","2C","D",2,"run1",-0.694862106606058,0.775538879344696,-0.199670816152978
"2C_D_3","Cellulose","2","2C","D",3,"run1",-1.02605872632183,0.455478984705396,0.0204277906467893
"2C_E_1","Cellulose","2","2C","E",1,"run1",-0.582702986594556,0.837187691385584,-0.203240149019008
"2C_E_2","Cellulose","2","2C","E",2,"run1",-0.9175127416014,0.642956565684335,-0.125416600745029
"2G_A_1","Glucose","2","2G","A",1,"run1",0.972366698088626,-0.0884723989962174,-0.188492681422329
"2G_A_2","Glucose","2","2G","A",2,"run1",0.816637425944636,-0.151781418732451,-0.120065815956397
"2G_B_1","Glucose","2","2G","B",1,"run1",0.935100128081047,-0.0498832210640327,-0.0328808206098651
"2G_E_3","Glucose","2","2G","E",3,"run1",0.959481682145722,-0.124997534646301,-0.0965388316146267
"3C_A_7","Cellulose","3","3C","A",7,"run1",-0.427762332503077,-0.304959518852873,0.337962855609318
"3C_B_7","Cellulose","3","3C","B",7,"run1",-0.132472344766007,-0.11468762213528,0.716623875725593
"3C_C_7","Cellulose","3","3C","C",7,"run1",-0.587997569868211,-0.274100853315437,0.341566291753941
"3C_D_7","Cellulose","3","3C","D",7,"run1",-0.101184760802016,-0.0675663133128707,0.773387777984721
"3C_E_6","Cellulose","3","3C","E",6,"run1",-0.822572868990045,-0.170840466232238,0.453364643640363
"3C_E_7","Cellulose","3","3C","E",7,"run1",-0.658329315923328,-0.250760351633756,0.374467394619434
"3G_B_7","Glucose","3","3G","B",7,"run1",1.0139574337014,-0.0567460091583965,-0.308781509546581
"3G_C_7","Glucose","3","3G","C",7,"run1",1.0198488611739,-0.0545262744979857,-0.183898845238892
"3G_D_7","Glucose","3","3G","D",7,"run1",1.03620281186742,-0.069535858261559,-0.22779204053021
"5C_A_1","Cellulose","5","5C","A",1,"run1",-1.23123168472074,-0.32510325900172,-0.0208658950134378
"5C_A_2","Cellulose","5","5C","A",2,"run1",-1.33613977993807,-0.330497318384371,0.128856198464678
"5C_A_3","Cellulose","5","5C","A",3,"run1",-1.38914467259154,-0.382540103713971,0.114602977811422
"5C_A_4","Cellulose","5","5C","A",4,"run1",-1.3525590382651,-0.377124446554206,0.138884948582395
"5C_A_5","Cellulose","5","5C","A",5,"run1",-1.27262536499928,-0.432387283579948,0.050851187230738
"5C_A_6","Cellulose","5","5C","A",6,"run1",-1.2878794502878,-0.3846288098691,0.482910445944867
"5C_A_7","Cellulose","5","5C","A",7,"run1",-0.547169231898256,-0.475126132234289,-0.387107067988286
"5C_B_2","Cellulose","5","5C","B",2,"run1",-1.34861728631977,-0.342750428952573,0.0633292546447248
"5C_B_3","Cellulose","5","5C","B",3,"run1",-1.29861855500462,-0.360014016431467,-0.0559576697968132
"5C_B_4","Cellulose","5","5C","B",4,"run1",-1.34193694399219,-0.411377651327151,0.281948756166759
"5C_B_5","Cellulose","5","5C","B",5,"run1",-1.30630832171968,-0.38313885821623,0.0473417141835246
"5C_B_6","Cellulose","5","5C","B",6,"run1",-1.37322266614007,-0.398705424877707,0.235529228971072
"5C_B_7","Cellulose","5","5C","B",7,"run1",-1.03736609854622,-0.606777799150387,-0.469527518147546
"5C_C_1","Cellulose","5","5C","C",1,"run1",-1.23364330787411,0.214051474275386,0.0932434486617267
"5C_C_2","Cellulose","5","5C","C",2,"run1",-1.31129740531935,-0.0116714471941084,0.22803053955732
"5C_C_3","Cellulose","5","5C","C",3,"run1",-1.29005607908316,-0.106512641469969,0.139046219189584
"5C_C_4","Cellulose","5","5C","C",4,"run1",-1.05195433231394,0.17272134099716,-0.322219617270735
"5C_C_5","Cellulose","5","5C","C",5,"run1",-1.02528309051612,-0.258530247328343,-0.201750062820603
"5C_C_6","Cellulose","5","5C","C",6,"run1",-1.34492474702898,-0.18359860731244,0.383478911383728
"5C_C_7","Cellulose","5","5C","C",7,"run1",-0.961852565153185,-0.0466816341942834,-0.418169440117728
"5C_D_1","Cellulose","5","5C","D",1,"run1",-1.15119895902401,0.517552318985865,-0.126675462843653
"5C_D_2","Cellulose","5","5C","D",2,"run1",-1.2490059707515,0.276872532937054,-0.0848260719842676
"5C_D_3","Cellulose","5","5C","D",3,"run1",-1.2613934561244,0.283473432277822,-0.0572220128386282
"5C_D_4","Cellulose","5","5C","D",4,"run1",-1.31576830280981,-0.218837631337065,0.374219287748049
"5C_D_5","Cellulose","5","5C","D",5,"run1",-1.32984081013467,-0.131794570265964,-0.016986836629042
"5C_D_6","Cellulose","5","5C","D",6,"run1",-1.35725516531473,-0.222311131269269,0.458643850895373
"5C_D_7","Cellulose","5","5C","D",7,"run1",-1.13006208560827,0.217237708674797,-0.67805465983356
"5C_E_1","Cellulose","5","5C","E",1,"run1",-1.23555863393814,-0.314634869707509,-0.119861660140632
"5C_E_2","Cellulose","5","5C","E",2,"run1",-1.32386096614554,-0.301213022598574,0.21843133030855
"5C_E_3","Cellulose","5","5C","E",3,"run1",-1.30080931585403,-0.392232091729351,0.0554598095430139
"5C_E_4","Cellulose","5","5C","E",4,"run1",-1.33545642853368,-0.412169826273337,0.27542973590084
"5C_E_5","Cellulose","5","5C","E",5,"run1",-1.11051994886425,-0.468763186894367,-0.286316713845968
"5C_E_6","Cellulose","5","5C","E",6,"run1",-1.33374203608648,-0.391709329020203,0.345063493113324
"5C_E_7","Cellulose","5","5C","E",7,"run1",-0.98447635829397,-0.545141875964837,-0.536621626200848
"5G_A_1","Glucose","5","5G","A",1,"run1",0.983705334996275,0.313964659914857,0.614150152128435
"5G_A_2","Glucose","5","5G","A",2,"run1",1.03222840896077,0.135569840692976,0.343457556207617
"5G_A_3","Glucose","5","5G","A",3,"run1",1.05998199396395,-0.0635297764629442,-0.0949070012251834
"5G_A_4","Glucose","5","5G","A",4,"run1",1.05916439814797,-0.0513108097040818,-0.0504964481933195
"5G_A_5","Glucose","5","5G","A",5,"run1",1.05953692884239,-0.0489553665423236,-0.0462926731132071
"5G_A_6","Glucose","5","5G","A",6,"run1",1.05811301377567,-0.0379952496573878,-0.0214473740470278
"5G_A_7","Glucose","5","5G","A",7,"run1",1.03789851242188,-0.0648266383903699,-0.107108298802438
"5G_B_1","Glucose","5","5G","B",1,"run1",0.997490115294468,0.271348183463726,0.554322798448896
"5G_B_2","Glucose","5","5G","B",2,"run1",1.06390815839073,0.0476322483882583,0.174047184805493
"5G_B_3","Glucose","5","5G","B",3,"run1",1.05803154856627,-0.0676307173125414,-0.111363404689527
"5G_B_4","Glucose","5","5G","B",4,"run1",1.06128343056295,-0.0489775250945465,-0.0504233287521596
"5G_B_5","Glucose","5","5G","B",5,"run1",1.05288307854617,-0.0499659717015858,-0.0434445162235149
"5G_B_6","Glucose","5","5G","B",6,"run1",1.05110266487588,-0.0551034428712478,-0.122648948857761
"5G_B_7","Glucose","5","5G","B",7,"run1",1.05209019454985,-0.0476914254202724,-0.0348775290544562
"5G_C_1","Glucose","5","5G","C",1,"run1",0.979122984251241,0.247596579064231,0.51943511572479
"5G_C_2","Glucose","5","5G","C",2,"run1",1.06364252692556,0.0675606849398665,0.207594286959307
"5G_C_3","Glucose","5","5G","C",3,"run1",1.05610266758239,-0.0729679630806146,-0.151192332576676
"5G_C_4","Glucose","5","5G","C",4,"run1",1.0541502701716,-0.0637043073712839,-0.128504692132755
"5G_C_5","Glucose","5","5G","C",5,"run1",1.04446593901764,-0.0707465064950685,-0.128686874654292
"5G_C_6","Glucose","5","5G","C",6,"run1",1.04016559022641,-0.0656608635016325,-0.216239988653079
"5G_C_7","Glucose","5","5G","C",7,"run1",1.05675700361134,-0.0524474253603612,-0.0655244717721555
"5G_D_1","Glucose","5","5G","D",1,"run1",0.988947275801636,0.279010596317764,0.567284188364632
"5G_D_2","Glucose","5","5G","D",2,"run1",1.02251002953922,0.140219024153323,0.333909551311302
"5G_D_3","Glucose","5","5G","D",3,"run1",1.05347572531462,-0.0794017361831785,-0.218861711188402
"5G_D_4","Glucose","5","5G","D",4,"run1",1.05546379970269,-0.0700145619485837,-0.131553257286762
"5G_D_5","Glucose","5","5G","D",5,"run1",1.05534580317776,-0.067588214187667,-0.125337096143941
"5G_D_6","Glucose","5","5G","D",6,"run1",1.05739667637915,-0.0645583168092852,-0.114893286458765
"5G_D_7","Glucose","5","5G","D",7,"run1",1.0479906399153,-0.0626518327173605,-0.0939565700770136
"5G_E_1","Glucose","5","5G","E",1,"run1",0.945940272763952,0.360319438009256,0.691686589519053
"5G_E_2","Glucose","5","5G","E",2,"run1",1.06207807775776,0.0282034706450508,0.146521457598677
"5G_E_3","Glucose","5","5G","E",3,"run1",1.05371537356216,-0.0629371853699037,-0.125590103101063
"5G_E_4","Glucose","5","5G","E",4,"run1",1.05926917784987,-0.0558289762520908,-0.0707803687252951
"5G_E_5","Glucose","5","5G","E",5,"run1",1.05513962018577,-0.0562271976556576,-0.0905495256791266
"5G_E_6","Glucose","5","5G","E",6,"run1",1.04423329568479,-0.0786325237494523,-0.186694863144061
"5G_E_7","Glucose","5","5G","E",7,"run1",1.04044214245412,-0.0357688526502215,-0.0333537355110604
"7C_A_1","Cellulose","7","7C","A",1,"run1",-1.33962652545104,-0.427379976705124,0.00892853129696444
"7C_A_2","Cellulose","7","7C","A",2,"run1",-1.37278800070008,-0.391780506505016,-0.0295573294886602
"7C_B_1","Cellulose","7","7C","B",1,"run1",-1.29732772552651,-0.498100088384709,-0.314353333541469
"7C_C_1","Cellulose","7","7C","C",1,"run1",-1.26957857442719,-0.48056406426263,-0.160671823970761
"7C_D_1","Cellulose","7","7C","D",1,"run1",-1.27249458747182,-0.481262007403497,-0.466363013278323
"7C_E_1","Cellulose","7","7C","E",1,"run1",-1.31975866451147,-0.521654685546827,-0.197031282873734
"7G_A_1","Glucose","7","7G","A",1,"run1",0.967294362235205,0.342234894554574,0.663387602311887
"7G_A_2","Glucose","7","7G","A",2,"run1",1.029321381853,-0.0736291268785948,-0.154272489911095
"7G_B_1","Glucose","7","7G","B",1,"run1",0.889286562495146,0.438152752939232,0.824704670238618
"7G_B_2","Glucose","7","7G","B",2,"run1",1.0655711170697,0.0335609289099859,0.153684608067826
"7G_C_2","Glucose","7","7G","C",2,"run1",1.0621306071851,-0.0672447896362304,-0.104465400537333
"7G_D_2","Glucose","7","7G","D",2,"run1",1.03159888208172,0.128277289517896,0.325582477401104
"7G_E_1","Glucose","7","7G","E",1,"run1",1.06536853167797,0.0697793383654251,0.217457306367431
"7G_E_2","Glucose","7","7G","E",2,"run1",1.05468595323052,-0.0720740797971989,-0.15116809179813
"2C_A_4","Cellulose","2","2C","A",4,"run2",-1.12458741591082,0.323965558179055,0.172994695090637
"2C_A_6","Cellulose","2","2C","A",6,"run2",-0.929111922212855,0.0562914356435236,0.256169863069741
"2C_A_7","Cellulose","2","2C","A",7,"run2",-0.752280606262155,0.0775708768754769,0.210978383066652
"2C_B_4","Cellulose","2","2C","B",4,"run2",-1.19480349651355,0.305835941493657,0.230801545179622
"2C_B_6","Cellulose","2","2C","B",6,"run2",-0.773983679363358,0.0779385904329045,0.255024711273112
"2C_C_4","Cellulose","2","2C","C",4,"run2",-1.15302527735229,0.285506566789941,0.227708084134479
"2C_C_6","Cellulose","2","2C","C",6,"run2",-0.817861247422446,0.0900590540990406,0.253146148376146
"2C_D_4","Cellulose","2","2C","D",4,"run2",-1.10352721301625,0.339769435767433,0.188036827501606
"2C_D_6","Cellulose","2","2C","D",6,"run2",-0.799648782771837,0.232537235607981,0.173170247994684
"2C_D_7","Cellulose","2","2C","D",7,"run2",-0.619694194948644,0.197911893267746,0.107569827415066
"2C_E_3","Cellulose","2","2C","E",3,"run2",-1.15215501769021,0.342448483353127,0.184714306594346
"2C_E_6","Cellulose","2","2C","E",6,"run2",-0.970737274670031,0.089174717556209,0.334277897194045
"2C_E_7","Cellulose","2","2C","E",7,"run2",-0.97170022427182,-0.00503733376382637,0.390405395606729
"2G_A_3","Glucose","2","2G","A",3,"run2",0.95234289121616,-0.106495735689199,-0.285884272563682
"2G_A_4","Glucose","2","2G","A",4,"run2",0.931186363407599,-0.0952857853875347,-0.0934672748832023
"2G_A_6","Glucose","2","2G","A",6,"run2",0.936919826824563,-0.110182413734368,-0.178185932607231
"2G_A_7","Glucose","2","2G","A",7,"run2",0.90853935105241,-0.131849829985171,-0.27844370111101
"2G_B_3","Glucose","2","2G","B",3,"run2",0.941541232009249,-0.103155184299565,-0.247978820531844
"2G_B_4","Glucose","2","2G","B",4,"run2",0.897146658313936,-0.103011145554121,-0.162974885591715
"2G_B_6","Glucose","2","2G","B",6,"run2",0.932848478117802,-0.100204143974878,-0.169960692949443
"2G_B_7","Glucose","2","2G","B",7,"run2",0.927251619435924,-0.110610786194298,-0.140818905608479
"2G_C_2","Glucose","2","2G","C",2,"run2",0.958256237467207,-0.102829690609332,-0.157080881217653
"2G_C_3","Glucose","2","2G","C",3,"run2",0.962030477748576,-0.11160292687499,-0.259216444367021
"2G_C_4","Glucose","2","2G","C",4,"run2",0.945642878471507,-0.112528805392921,-0.165128454543652
"2G_C_6","Glucose","2","2G","C",6,"run2",0.888662743099531,-0.132091148122483,-0.142309150081673
"2G_C_7","Glucose","2","2G","C",7,"run2",0.910489090720371,-0.132552844869658,-0.252078523650397
"2G_D_2","Glucose","2","2G","D",2,"run2",0.987011607222689,-0.108617853590694,-0.117426316787845
"2G_D_3","Glucose","2","2G","D",3,"run2",0.996523788193216,-0.0715823881928351,0.0437883634410517
"2G_D_4","Glucose","2","2G","D",4,"run2",1.00000665415853,-0.0580066731053411,0.0745763263827006
"2G_D_5","Glucose","2","2G","D",5,"run2",0.84274780365555,-0.0761106568795117,-0.0580827385234021
"2G_D_6","Glucose","2","2G","D",6,"run2",0.960220932522204,-0.113923945672839,-0.138112458414137
"2G_D_7","Glucose","2","2G","D",7,"run2",0.970467416298296,-0.0914987779865376,0.0326659065400607
"2G_E_2","Glucose","2","2G","E",2,"run2",0.987035504959995,-0.100615316034349,-0.112074168933165
"2G_E_4","Glucose","2","2G","E",4,"run2",0.914925609002951,-0.13751284622381,-0.0757052243026504
"2G_E_5","Glucose","2","2G","E",5,"run2",0.844043682788371,-0.0826268456208455,-0.114508969992717
"2G_E_6","Glucose","2","2G","E",6,"run2",0.96219765285832,-0.0958804652689112,0.000713159847280169
"2G_E_7","Glucose","2","2G","E",7,"run2",0.966549881285657,-0.0799346500147339,0.0512715705813815
"3C_A_1","Cellulose","3","3C","A",1,"run2",-0.980101989309447,-0.0212865344732047,0.466813818648965
"3C_A_2","Cellulose","3","3C","A",2,"run2",-1.03848939827233,0.0438342394695718,0.434091834653488
"3C_A_3","Cellulose","3","3C","A",3,"run2",-1.11050969588627,-0.0175999366227058,0.505412302161283
"3C_A_4","Cellulose","3","3C","A",4,"run2",-0.599999652964446,-0.143970225997255,0.314922791734045
"3C_A_5","Cellulose","3","3C","A",5,"run2",-0.580991314851674,-0.243664425784698,0.28217668296005
"3C_A_6","Cellulose","3","3C","A",6,"run2",-0.366695826399819,-0.265765077700546,0.357884058377063
"3C_B_1","Cellulose","3","3C","B",1,"run2",-0.987321256143168,0.160194940644249,0.347775549359174
"3C_B_2","Cellulose","3","3C","B",2,"run2",-1.03693665899571,0.075514491971538,0.408486104181784
"3C_B_3","Cellulose","3","3C","B",3,"run2",-0.987498605815841,0.0699971712841013,0.450597397668027
"3C_B_4","Cellulose","3","3C","B",4,"run2",-0.401243242698915,-0.0962316614879173,0.364614284356649
"3C_B_5","Cellulose","3","3C","B",5,"run2",-0.557037538664294,-0.166339427357229,0.322609645940142
"3C_B_6","Cellulose","3","3C","B",6,"run2",-0.291552752748996,-0.0969739028387383,0.483206536034849
"3C_C_1","Cellulose","3","3C","C",1,"run2",-1.04414822673794,0.13082746691902,0.353087032627853
"3C_C_2","Cellulose","3","3C","C",2,"run2",-1.08035150663332,0.00721681033623479,0.421161721800288
"3C_C_3","Cellulose","3","3C","C",3,"run2",-1.17679666950092,-0.11050027969156,0.538824792500861
"3C_C_4","Cellulose","3","3C","C",4,"run2",-0.780051718089363,-0.14736175136205,0.351716362733187
"3C_C_5","Cellulose","3","3C","C",5,"run2",-0.71667773129945,-0.223185243051885,0.340952181224841
"3C_C_6","Cellulose","3","3C","C",6,"run2",-0.429693338414991,-0.290935566528481,0.259662031615973
"3C_D_1","Cellulose","3","3C","D",1,"run2",-0.961011331943711,-0.0211549941604526,0.460616825670213
"3C_D_2","Cellulose","3","3C","D",2,"run2",-1.05279192654037,0.0212925636781733,0.433691671039186
"3C_D_3","Cellulose","3","3C","D",3,"run2",-1.12334427380047,-0.156564988276492,0.547497542815355
"3C_D_4","Cellulose","3","3C","D",4,"run2",-0.602594193090817,-0.176878662161206,0.284110817307891
"3C_D_5","Cellulose","3","3C","D",5,"run2",-0.597225728687618,-0.250383469046115,0.245828480360296
"3C_D_6","Cellulose","3","3C","D",6,"run2",-0.37585204212621,-0.300298381197187,0.32342235008945
"3C_E_2","Cellulose","3","3C","E",2,"run2",-0.986951432538297,0.22931296031071,0.265421190047171
"3C_E_3","Cellulose","3","3C","E",3,"run2",-1.12775943199521,-0.010563790460716,0.514174678267202
"3C_E_4","Cellulose","3","3C","E",4,"run2",-0.858274111319855,-0.0288595243903576,0.353186266585638
"3C_E_5","Cellulose","3","3C","E",5,"run2",-0.759471847222102,-0.0966990345300965,0.373644676331948
"3G_A_1","Glucose","3","3G","A",1,"run2",1.05113371290258,-0.0256232762056923,0.0317566237261383
"3G_A_2","Glucose","3","3G","A",2,"run2",1.02539177259887,-0.0532060763218106,-0.280258986489721
"3G_A_3","Glucose","3","3G","A",3,"run2",1.03828490448877,-0.027761997639477,-0.0330173981631695
"3G_A_4","Glucose","3","3G","A",4,"run2",1.01711988364473,-0.0675146992655101,-0.265030813843051
"3G_A_5","Glucose","3","3G","A",5,"run2",1.02803216752885,-0.0575306761396656,-0.291826095871037
"3G_A_6","Glucose","3","3G","A",6,"run2",1.02245797189949,-0.0576536918577416,-0.120538819056696
"3G_A_7","Glucose","3","3G","A",7,"run2",0.983268850874239,-0.113584613971543,-0.266654277343212
"3G_B_1","Glucose","3","3G","B",1,"run2",1.04181938766182,-0.045057569640428,-0.040850325704953
"3G_B_3","Glucose","3","3G","B",3,"run2",1.03627355974031,-0.0284362911730308,-0.0210965929444533
"3G_B_4","Glucose","3","3G","B",4,"run2",1.00761662827883,-0.0534838725168783,-0.292130288804057
"3G_B_5","Glucose","3","3G","B",5,"run2",0.983222703950748,-0.0847790884137038,-0.343288759678629
"3G_B_6","Glucose","3","3G","B",6,"run2",0.882618446812321,-0.071943960209006,-0.185971726697855
"3G_C_2","Glucose","3","3G","C",2,"run2",1.00189545118601,-0.0804561825022067,-0.190733053224437
"3G_C_3","Glucose","3","3G","C",3,"run2",1.02985622775569,-0.0431757768057048,-0.0286045320761002
"3G_C_4","Glucose","3","3G","C",4,"run2",0.955450590911339,-0.126975816782623,-0.184005432544659
"3G_C_5","Glucose","3","3G","C",5,"run2",0.988935611550551,-0.0935688238048846,-0.289568061336156
"3G_C_6","Glucose","3","3G","C",6,"run2",1.02281756592008,-0.0628670801671221,-0.121195512701346
"3G_D_1","Glucose","3","3G","D",1,"run2",1.0391725723078,0.00198062785110012,0.0804269919609934
"3G_D_2","Glucose","3","3G","D",2,"run2",1.02545064914711,-0.0554154734530138,-0.115106685875127
"3G_D_3","Glucose","3","3G","D",3,"run2",1.04147631430429,-0.018064115053468,0.0324276550026287
"3G_D_4","Glucose","3","3G","D",4,"run2",0.969342801462567,-0.107079938746431,-0.296472569848519
"3G_D_5","Glucose","3","3G","D",5,"run2",0.990358648186595,-0.0967320152965019,-0.290656148401252
"3G_D_6","Glucose","3","3G","D",6,"run2",1.02238408007316,-0.0640129261733102,-0.152167635231547
"3G_E_1","Glucose","3","3G","E",1,"run2",1.01898471794794,0.00762342870334362,0.0901899883813146
"3G_E_2","Glucose","3","3G","E",2,"run2",1.01723805479314,-0.0457917311051467,-0.0578987514578286
"3G_E_3","Glucose","3","3G","E",3,"run2",1.04294828744389,0.00943520079443703,0.0936813833333805
"3G_E_4","Glucose","3","3G","E",4,"run2",0.934445037349975,-0.13036723786697,-0.340601617313295
"3G_E_5","Glucose","3","3G","E",5,"run2",0.959317367546621,-0.112108576479772,-0.324420295622922
"3G_E_6","Glucose","3","3G","E",6,"run2",1.0277051856414,-0.051199852150947,-0.131754592920796
"7C_A_3","Cellulose","7","7C","A",3,"run2",-1.29565076495361,-0.438069849286547,-0.173105194785958
"7C_A_4","Cellulose","7","7C","A",4,"run2",-1.2827024502625,-0.425816436925953,-0.0695107800837826
"7C_A_5","Cellulose","7","7C","A",5,"run2",-1.26753769472973,-0.459082714515977,-0.211840923789906
"7C_A_6","Cellulose","7","7C","A",6,"run2",-1.31638627147262,-0.457159505080504,-0.225047917450939
"7C_A_7","Cellulose","7","7C","A",7,"run2",-1.27766034532919,-0.485360681851168,-0.40008453864788
"7C_B_2","Cellulose","7","7C","B",2,"run2",-1.25241714966589,-0.51945417010944,-0.346542557593169
"7C_B_3","Cellulose","7","7C","B",3,"run2",-1.27932697430178,-0.535087577163581,-0.356059180644889
"7C_B_4","Cellulose","7","7C","B",4,"run2",-1.25089015354966,-0.544495405429609,-0.360293106114764
"7C_B_5","Cellulose","7","7C","B",5,"run2",-1.2347434421051,-0.605723268968372,-0.49017128095739
"7C_B_6","Cellulose","7","7C","B",6,"run2",-1.27146167540192,-0.586246550205798,-0.455003264930182
"7C_B_7","Cellulose","7","7C","B",7,"run2",-1.19542912193076,-0.628436064763279,-0.70248494467836
"7C_C_2","Cellulose","7","7C","C",2,"run2",-1.22256356192073,-0.499226034284959,-0.448168183148399
"7C_C_3","Cellulose","7","7C","C",3,"run2",-1.22794836433313,-0.406979888676712,-0.517900629642471
"7C_C_4","Cellulose","7","7C","C",4,"run2",-1.27260212636829,-0.53247932450708,-0.297440146297329
"7C_C_5","Cellulose","7","7C","C",5,"run2",-1.23146769683395,-0.478906582835566,-0.425338735303819
"7C_C_6","Cellulose","7","7C","C",6,"run2",-1.32749146084728,-0.476408219340045,-0.137397141843841
"7C_C_7","Cellulose","7","7C","C",7,"run2",-1.03641116959466,-0.382969523250521,-0.56995265601194
"7C_D_2","Cellulose","7","7C","D",2,"run2",-1.2058652195574,-0.486741769874966,-0.487537785548766
"7C_D_3","Cellulose","7","7C","D",3,"run2",-1.16645619859905,-0.560747044335848,-0.507610711413031
"7C_D_4","Cellulose","7","7C","D",4,"run2",-1.27562688867866,-0.462111222374657,-0.259105149522994
"7C_D_5","Cellulose","7","7C","D",5,"run2",-1.17553243890237,-0.594465195516272,-0.588187419619068
"7C_D_6","Cellulose","7","7C","D",6,"run2",-1.25949635860318,-0.534110899647308,-0.306984035078065
"7C_D_7","Cellulose","7","7C","D",7,"run2",-1.05801652302934,-0.622112616887431,-0.753542086953473
"7C_E_2","Cellulose","7","7C","E",2,"run2",-1.23570820999072,-0.523108386202445,-0.261357467174567
"7C_E_3","Cellulose","7","7C","E",3,"run2",-1.26239808517617,-0.543546249702578,-0.258499004587584
"7C_E_5","Cellulose","7","7C","E",5,"run2",-1.26680707245873,-0.570536766898256,-0.325052293386538
"7C_E_6","Cellulose","7","7C","E",6,"run2",-1.31543813564137,-0.557670728323419,-0.274711318093311
"7C_E_7","Cellulose","7","7C","E",7,"run2",-1.2166637278843,-0.636560597101199,-0.621505280539535
"7G_A_3","Glucose","7","7G","A",3,"run2",1.02986741409302,-0.077490885071493,-0.282981990292412
"7G_A_4","Glucose","7","7G","A",4,"run2",1.02547533047141,-0.0613203354214374,-0.0789424300262096
"7G_A_5","Glucose","7","7G","A",5,"run2",1.03668944136927,-0.070439199008193,-0.297577355813103
"7G_A_6","Glucose","7","7G","A",6,"run2",1.04433275493724,-0.0786685671903209,-0.148969119363891
"7G_A_7","Glucose","7","7G","A",7,"run2",1.05012379724149,-0.0490894823150293,-0.0675334409692548
"7G_B_3","Glucose","7","7G","B",3,"run2",1.01105820778404,-0.0840871021616389,-0.226088106021637
"7G_B_4","Glucose","7","7G","B",4,"run2",1.01167232991805,-0.083501740459721,-0.20005521531632
"7G_B_5","Glucose","7","7G","B",5,"run2",1.03043649332587,-0.0811976681817457,-0.223839555724498
"7G_B_6","Glucose","7","7G","B",6,"run2",1.04192350094746,-0.0732807625565749,-0.159359849172077
"7G_B_7","Glucose","7","7G","B",7,"run2",1.0490780595724,-0.0657695785040586,-0.132111082911415
"7G_C_3","Glucose","7","7G","C",3,"run2",1.0325324351526,-0.0809127596170848,-0.243416376469981
"7G_C_4","Glucose","7","7G","C",4,"run2",1.03606065952765,-0.0837315608939554,-0.192868096675175
"7G_C_5","Glucose","7","7G","C",5,"run2",1.03236744578345,-0.0732176448622799,-0.105874517131442
"7G_C_6","Glucose","7","7G","C",6,"run2",1.04379826962244,-0.0789469820098659,-0.182066353894364
"7G_C_7","Glucose","7","7G","C",7,"run2",1.05301820932767,-0.0580731131437569,-0.0891502634162036
"7G_D_3","Glucose","7","7G","D",3,"run2",1.02573835091244,-0.0860674815943562,-0.229984115818639
"7G_D_4","Glucose","7","7G","D",4,"run2",1.01643348929695,-0.0693793898489647,-0.134106035582365
"7G_D_5","Glucose","7","7G","D",5,"run2",1.02010651340752,-0.0576073884928432,-0.348561161615689
"7G_D_6","Glucose","7","7G","D",6,"run2",1.03315519582179,-0.0584805586279045,-0.325023046443984
"7G_D_7","Glucose","7","7G","D",7,"run2",1.04278114740767,-0.0392195179634772,-0.0407304060559121
"7G_E_3","Glucose","7","7G","E",3,"run2",1.03292638865469,-0.0625310929240069,-0.321235868930992
"7G_E_4","Glucose","7","7G","E",4,"run2",1.03111385593789,-0.081249125463866,-0.192893044878412
"7G_E_5","Glucose","7","7G","E",5,"run2",1.03303693174053,-0.0811093059963048,-0.23419506283612
"7G_E_6","Glucose","7","7G","E",6,"run2",1.04630424121947,-0.0499633938419298,-0.0694374350194411
"7G_E_7","Glucose","7","7G","E",7,"run2",1.04599410763354,-0.0619193645139605,-0.10431871165197
