"","Pseudomonas.1","Asticcacaulis","Cellvibrio","Pseudomonas.2","Cohnella","Lacunisphaera","Taibaiella","Achromobacter","Leadbetterella","Bordetella","Shinella","Xylophilus","Methylophilus","Stenotrophomonas","Pleomorphomonas"
"1C_A_1",0.0348134650426777,0.762443655893354,0.0142898244941019,0.0625299702694927,0.00882324733864007,0,0,0.0444998561427064,0.00124676321089479,0.00335667018317829,0.0141939196317253,0.00306895559604872,0.023304881557495,0,0
"1C_A_2",0.0172997367431365,0.786667920270778,0.0116585182399398,0.052275291462956,0.00479503572771719,0,0,0.0620534035351636,0.00611132004512975,0.00432493418578413,0.0137269650244453,0.0032907107935314,0.0139150056412185,0,0
"1C_A_5",0.00399201596806387,0.794268605645851,0.0822640433418877,0.0404191616766467,0.0059167379526661,0,0.00035642999714856,0.0240233818078129,0.00791274593669803,0.00306529797547762,0.00876817792985458,0.000641573994867408,0.0106928999144568,0,0
"1C_A_6",0.0103975535168196,0.479714576962283,0.420693170234455,0.0226299694189602,0.00244648318042813,0,0,0.0184505606523955,0.0110091743119266,0.00387359836901121,0.00632008154943935,0.00265035677879715,0.00336391437308868,0,0
"1C_A_7",0.00719251977942939,0.664109326300647,0.256053704147686,0.0182210501078878,0.00215775593382882,0,0,0.0139055382402302,0.0148645408774874,0,0.00527451450491489,0.000959002637257252,0.00743227043874371,0,0
"1C_B_1",0.023450003479229,0.792150859369564,0.0204578665367755,0.0751513464616241,0.00744555006610535,0,0,0.0280425857629949,0.00111335328091295,0.00347922900285297,0.00939391830770301,0.00264421404216826,0.0178136524946072,0,0
"1C_B_2",0.0143620092378753,0.778651847575058,0.0141454965357968,0.0871824480369515,0.00815531177829099,0.000360854503464203,0,0.0453233256351039,0.00454676674364896,0.00310334872979215,0.00786662817551963,0.00202078521939954,0.0141454965357968,0,0
"1C_B_4",0.0177200236266982,0.782831265997244,0.0641858633589289,0.0441031699153377,0.00807245520771806,0.00118133490844654,0,0.0342587123449498,0.00610356369364048,0,0.0141760189013585,0,0.00689112029927151,0,0
"1C_B_5",0.00650960942343459,0.79551560239719,0.0726389749948336,0.0472205001033271,0.00516635668526555,0.000516635668526555,0.000826617069642488,0.0324447199834677,0.0075428807604877,0,0.00609630088861335,0.00134325273816904,0.00950609630088861,0,0
"1C_B_7",0.00734197545026959,0.556269358724332,0.313295858666973,0.0283354365033842,0.00298267752667202,0,0,0.0246644487782494,0.0164047263966961,0.00630951015257543,0.00665366525180681,0.00263852242744063,0.00435929792359757,0,0
"1C_C_1",0.026524622241548,0.746168061745842,0.0379389064028699,0.0653331883900424,0.0145668007392108,0.000434829872812262,0,0.043156864876617,0.00141319708663985,0.00423959125991956,0.0128274812479617,0.00217414936406131,0.0230459832590499,0,0
"1C_C_2",0.00869748193869678,0.800799607210493,0.0186575015781721,0.059269130953216,0.00547099670337378,0,0,0.0425755769095883,0.00561127867012696,0.00357719015220593,0.0150803114259662,0.00434874096934839,0.0138177737251876,0,0
"1C_C_4",0.0166242578456319,0.80186598812553,0.0629346904156064,0.0232400339270568,0.00627650551314673,0.00118744698897371,0,0.0340966921119593,0.00678541136556404,0,0.0173027989821883,0.00305343511450382,0.0106870229007634,0,0
"1C_C_6",0.00643221117701111,0.480661598863921,0.411745050538802,0.0226380419346755,0.00300726756327792,0,0,0.0209673377328544,0.0136997744549328,0.0060980703366469,0.00701695764764848,0.00233898588254949,0.0035920140339153,0,0
"1C_C_7",0.00352840978221195,0.525611388246745,0.404307093320355,0.0114369144664801,0.00352840978221195,0,0,0.00985521352962647,0.0206837814819321,0,0.00559678793040516,0.00170337023968853,0.00425842559922132,0,0
"1C_D_1",0.00930735930735931,0.804545454545455,0.025974025974026,0.0694805194805195,0.0115800865800866,0,0,0.0350649350649351,0.0012987012987013,0,0.00909090909090909,0.00335497835497836,0.0163419913419913,0,0
"1C_D_2",0.00426615289341499,0.7823573935182,0.0212619555494392,0.0828459368334136,0.00667446501066538,0.000412853505814354,0,0.04362485378105,0.00522947774031514,0.00433496181105071,0.00866992362210142,0.00419734397577926,0.0156884332209454,0,0
"1C_D_3",0.0151218146177541,0.779893587230468,0.0336040324838981,0.0747689722766732,0.00812097451694203,0,0,0.0369644357322879,0.00616073928871465,0,0.0112013441612994,0.00224026883225987,0.0154018482217866,0,0
"1C_D_4",0.00820248418092337,0.808999296929927,0.0396062807593157,0.0466369814858214,0.0107804077806421,0.000937426763534099,0,0.0311694398875088,0.00749941410827279,0,0.00796812749003984,0,0.0112491211624092,0,0
"1C_D_5",0.00360144057623049,0.754401760704282,0.116846738695478,0.0463185274109644,0.00760304121648659,0,0,0.0202080832332933,0.0113045218087235,0.00640256102440976,0.00600240096038415,0.000900360144057623,0.0100040016006403,0,0
"1C_D_6",0.00475391498881432,0.571728187919463,0.321728187919463,0.0293624161073825,0.00391498881431767,0,0,0.0212527964205817,0.00936800894854586,0.00559284116331096,0.00643176733780761,0.0032158836689038,0.00265659955257271,0,0
"1C_E_1",0.0362754781359432,0.773637424800215,0.0332225913621262,0.0590823381521056,0.0188560653676933,0,0,0.0307084493131005,0.00134686181197809,0.00395079464846907,0.00691389063482087,0.00269372362395618,0.0175989943431804,0,0
"1C_E_2",0.0173755186721992,0.830523858921162,0.0287863070539419,0.0400674273858921,0.0095954356846473,0.000648340248962656,0,0.0258039419087137,0.0058350622406639,0.00389004149377593,0.00700207468879668,0.00285269709543568,0.0106327800829876,0,0
"1C_E_3",0.0551730304927122,0.717159974961996,0.0162747026737012,0.0686756684252884,0.0109988375212376,0.000447107216310471,0,0.0582133595636234,0.00599123669856032,0.00912098721273361,0.00563355092551194,0.00393454350353215,0.0127872663864795,0,0
"1C_E_4",0.0619191813720372,0.679857993108489,0.0243291218544429,0.0540879189725384,0.0137830218231179,0.000313250495979952,0,0.0688106922835961,0.00448992377571264,0.017437610942884,0.0113814346872716,0.00198391980787303,0.013156520831158,0,0
"1C_E_5",0.0238193869096935,0.688483844241922,0.0777754763877382,0.0686619718309859,0.0128417564208782,0.000621375310687655,0,0.0477423363711682,0.00849212924606462,0.010874067937034,0.00693869096934548,0.00144987572493786,0.00890637945318973,0,0
"1C_E_6",0.0115334932644399,0.643476656209633,0.22817863074368,0.0303561542720059,0.00470566525189149,0,0,0.0245432736667282,0.0104262779110537,0.00738143568924156,0.00544380882081565,0.0037829857907363,0.00442886141354493,0,0
"1G_A_2",0.497238191861121,0.00123999549092549,0,0.34426783902604,0.142712208319242,0,0.000450907451245632,0,0,0.0112726862811408,0,0,0,0,0
"1G_A_4",0.392592592592593,0.00105820105820106,0,0.455026455026455,0.142269253380365,0,0,0,0,0.00576131687242798,0,0,0,0,0
"1G_A_5",0.373536299765808,0.00624512099921936,0,0.463700234192037,0.126073380171741,0,0,0,0,0.014832162373146,0,0,0,0,0
"1G_A_6",0.693909297594831,0.00179490247696542,0.000239320330262056,0.0563599377767141,0.163216465238722,0.000478640660524112,0.0329065454110327,0,0,0.021658489888716,0,0.00155558214670336,0.000478640660524112,0,0
"1G_B_2",0.186336633663366,0.00415841584158416,0,0.364158415841584,0.404950495049505,0,0.021980198019802,0,0,0.00732673267326733,0,0,0,0,0
"1G_B_4",0.198992805755396,0.000287769784172662,0,0.408201438848921,0.374244604316547,0,0.00330935251798561,0,0,0.00446043165467626,0,0,0,0,0
"1G_B_5",0.259877456158884,0.0031692372702303,0,0.310585252482569,0.343756602577646,0,0.0376082822733995,0.00612719205577858,0,0.0135220790196493,0,0,0,0,0
"1G_B_6",0.566647169688698,0.00201468772340287,0,0.0970949502827062,0.256970169623708,0,0.0326249431338143,0,0,0.0194969779684149,0,0.00123480860466628,0,0,0
"1G_B_7",0.433438628158845,0.00078971119133574,0,0.223375451263538,0.269404332129964,0,0.0286552346570397,0,0,0.0189530685920578,0,0.00169223826714801,0,0,0
"1G_C_4",0.178429817605075,0.0009063101846607,0,0.415996374759261,0.358332389260224,0.000226577546165175,0.0223178882972697,0,0,0.00509799478871644,0,0,0,0,0
"1G_C_5",0.235520527859238,0,0.00146627565982405,0.308651026392962,0.374266862170088,0,0.0329912023460411,0.0093475073313783,0,0.0120967741935484,0,0,0.000916422287390029,0,0
"1G_C_7",0.269607250755287,0.00108761329305136,0.00120845921450151,0.309003021148036,0.349969788519637,0,0.0290030211480363,0.00652567975830816,0,0.0101510574018127,0,0,0,0,0
"1G_D_1",0.349200685127034,0.000785041393091636,0,0.22387953182986,0.403225806451613,0,0.00520982015415358,0,0,0.00535255495289752,0,0.000713673993719669,0,0,0
"1G_D_2",0.437015850315815,0.000595876534382076,0,0.213681325229412,0.30651888928614,0,0.0263377428196878,0,0,0.00417113574067453,0,0,0,0,0
"1G_D_4",0.33158560838908,0.00216958958596999,0.000723196528656662,0.361598264328331,0.257638763333936,0,0.0139215331766408,0,0,0.00976315313686494,0,0.00198879045380582,0,0,0
"1G_D_6",0.494101694915254,0.00528813559322034,0.0016271186440678,0.190372881355932,0.214372881355932,0,0.0459661016949153,0.00461016949152542,0,0.0131525423728814,0,0.00216949152542373,0,0,0
"1G_D_7",0.428550808314088,0.00129907621247113,0,0.241195150115473,0.230802540415704,0,0.042580831408776,0.00577367205542725,0,0.0178983833718245,0,0.00187644341801386,0,0,0
"1G_E_1",0.360523763336566,0.000678952473326867,0,0.263627546071775,0.35266731328807,0,0.00601357904946654,0,0,0.00688651794374394,0,0,0.000484966052376334,0,0
"1G_E_2",0.494126284875184,0.00220264317180617,0,0.193979441997063,0.251835535976505,0,0.0333333333333333,0,0,0.0102790014684288,0,0,0,0,0
"1G_E_4",0.353753541076487,0.0028328611898017,0.0028328611898017,0.364022662889518,0.243626062322946,0,0.0102691218130312,0,0,0.00672804532577904,0,0,0,0,0
"1G_E_5",0.476643682626008,0.00233077595416141,0.00145673497135088,0.221715062639604,0.228901621831601,0,0.0360299116247451,0.00437020491405264,0,0.00971156647567253,0,0,0,0,0
"1G_E_6",0.650880300784498,0.00209681501030332,0.000433823795235169,0.112758034778208,0.127652651747948,0,0.0446838509092224,0.00448284588409674,0.000108455948808792,0.0229203571815914,0,0.00263909475434728,0.000469975778171433,0,0
"2C_A_2",0.0113646695154105,0.193472133830348,0.0732793890353668,0.0933721247386126,0.45431402854805,0,0.007364305845986,0.0126375125011365,0.00554595872352032,0.028820801891081,0.0183653059369034,0.0130920992817529,0.0143649422674789,0,0
"2C_B_2",0.0117862755369303,0.522132006286014,0.321634363541121,0.0412519643792562,0.00510738606600314,0,0,0.0399423782084861,0.0107386066003143,0.0112624410686223,0.00890518596123625,0.00130958617077004,0.00995285489785228,0,0
"2C_B_3",0.00866474116862919,0.387691624083537,0.527882692734948,0.015552099533437,0.00422128415907576,0,0,0.013552543879138,0.0153299266829593,0,0.0111086425238836,0,0.00377693845812042,0,0
"2C_C_1",0.0516552511415525,0.602739726027397,0.102168949771689,0.0693493150684932,0.0108447488584475,0,0,0.0596461187214612,0.00371004566210046,0.023972602739726,0.026541095890411,0.00256849315068493,0.0282534246575342,0,0
"2C_C_3",0.018555869302138,0.397068710501546,0.503563264757295,0.017749092375958,0.00578190130428936,0,0,0.0160010757025682,0.0139841333871185,0,0.00752991797767917,0.00174801667338981,0.00484066155707947,0,0
"2C_D_1",0.0952608332338546,0.594484899128566,0.0687596991763161,0.0687596991763161,0.0145636862838725,0,0,0.0664915840993196,0.00572997493135968,0.0222036528590187,0.0177867971827623,0,0.0250686403246986,0,0
"2C_D_2",0.0463494031933034,0.527360099209425,0.241357929003255,0.0488296388156875,0.00945589831033948,0,0,0.0497597271740815,0.0100759572159355,0.0182917377150829,0.00914586885754147,0,0.0127112075647186,0,0
"2C_D_3",0.029557938791525,0.391838869997384,0.499346063301072,0.0168715668323306,0.00196181009678263,0,0,0.0163484174731886,0.0158252681140466,0,0.00980905048391316,0,0.00353125817420874,0,0
"2C_E_1",0.0355281353047548,0.543027337517285,0.189554302733752,0.0883948516115307,0.00819061801935964,0,0,0.0272311456228061,0.00585044144239974,0.0186150409530901,0.046803531539198,0.00180831826401447,0.024678225720668,0,0
"2C_E_2",0.0141941391941392,0.510531135531135,0.359203296703297,0.0384615384615385,0.00572344322344322,0,0,0.021978021978022,0.00824175824175824,0,0.0180860805860806,0.000686813186813187,0.010989010989011,0,0
"2G_A_1",0.751330494944119,0.00731772219265567,0.000532197977647685,0.223523150612028,0,0,0.00133049494411921,0,0,0.00359233634912187,0,0.00478978179882916,0,0,0
"2G_A_2",0.650985378258106,0.0183301546937911,0,0.229073956346684,0.0066751430387794,0,0.04089849544395,0,0,0.0148336511972876,0,0.00847637211273575,0,0,0
"2G_B_1",0.654033453313572,0.0173618462841414,0.000846919330933729,0.30044463264874,0.00296421765826805,0,0,0,0,0.0120686004658056,0,0.00275248782553462,0,0,0
"2G_E_3",0.691944784204089,0.00174733531364669,0,0.259129827013804,0.00297047003319937,0,0.0183470207932902,0,0,0.00716407478595142,0,0,0,0,0
"3C_A_7",0,0.0594594594594595,0.345454545454545,0.226535626535627,0.168550368550369,0.00663390663390663,0.0464373464373464,0,0.0142506142506142,0,0.0058968058968059,0.0255528255528256,0,0,0
"3C_B_7",0.00478341748604837,0.0930108955620516,0.13313845336168,0.326866861546638,0.230135530162105,0.00558065373372309,0.0829125697581717,0,0.0178049428647356,0,0.00478341748604837,0.0201966516077598,0,0,0
"3C_C_7",0.00460494425593795,0.0809500727096461,0.361366941347552,0.149054774600097,0.109549200193892,0.00387784779447407,0.12094037809016,0,0.0191468734852157,0,0.00654386815317499,0.0259331071255453,0.0016965584100824,0,0
"3C_D_7",0,0.0944957047406936,0.125357938275533,0.328985046134267,0.277123767101495,0.0022271714922049,0.051543111676742,0,0.0127266942411709,0,0.00509067769646834,0.00986318803690741,0,0,0
"3C_E_6",0,0.102737157855268,0.439445069366329,0.0748031496062992,0.146794150731159,0.00224971878515186,0.100112485939258,0,0.0253093363329584,0,0.0061867266591676,0.0148106486689164,0.00131233595800525,0,0
"3C_E_7",0,0.0541125541125541,0.449945887445887,0.148268398268398,0.13771645021645,0.00324675324675325,0,0,0.0311147186147186,0,0.00892857142857143,0.0403138528138528,0,0,0
"3G_B_7",0.816130851663847,0.00131603684903177,0.00244406843391615,0.163564579808235,0,0,0,0,0,0.00244406843391615,0,0,0,0,0
"3G_C_7",0.747834456207892,0,0.00288739172281039,0.227141482194418,0,0,0,0,0,0,0,0,0,0,0
"3G_D_7",0.777588592103863,0.000957752474193892,0,0.206874534425881,0,0,0,0,0,0,0,0,0,0,0
"5C_A_1",0.00895140664961637,0.0485933503836317,0.545716112531969,0.00767263427109974,0.0195012787723785,0.271099744245524,0.0105498721227621,0,0.0195012787723785,0,0.0121483375959079,0.0425191815856778,0.00223785166240409,0,0
"5C_A_2",0.00473427000610874,0.032376298106292,0.653023824068418,0,0.0155772755039707,0.229077580940745,0.0123701893708002,0,0.0206169822846671,0,0.008094074526573,0.0154245571166768,0.00198533903481979,0,0
"5C_A_3",0,0.0234192037470726,0.664064532916992,0.00208170699973979,0.0145719489981785,0.27088212334114,0.00572469424928441,0,0.0130106687483737,0,0.00130106687483737,0.00338277387457715,0,0,0
"5C_A_4",0.00236000858184939,0.0212400772366445,0.658442394335979,0,0.0186655224200815,0.236215404419652,0.0180218837159408,0,0.0218837159407852,0,0.0055782021025531,0.0118000429092469,0,0,0
"5C_A_5",0.00593031875463306,0.0155670867309118,0.59006671608599,0.00271806276254015,0.0259451445515196,0.275265628860885,0.0328638497652582,0,0.0244625648628614,0,0.00543612552508031,0.0140845070422535,0.000741289844329133,0,0
"5C_A_6",0.00695349847892221,0.0182529335071708,0.844415471534116,0,0.00999565406345067,0.0617122990004346,0.040851803563668,0,0.00738809213385485,0,0.00564971751412429,0,0,0,0
"5C_A_7",0.149027052681538,0.0208827717133365,0.263407688656858,0.0635975320360702,0.0194589463692454,0.367821547223541,0.0284765068818225,0,0.022781205505458,0,0.0094921689606075,0.0374940673943996,0,0,0
"5C_B_2",0.00209533787323206,0.0405971712938711,0.614981665793609,0,0.0140125720272394,0.262964903090623,0.0251440544787847,0,0.0193818753273965,0,0.00510738606600314,0.0123101100052383,0.000392875851231011,0,0
"5C_B_3",0.00307915232747691,0.0445571454446658,0.535591378373483,0.00271689911247962,0.0211918130773411,0.317152689730121,0.0211918130773411,0,0.0175692809273682,0,0.00833182394493751,0.0175692809273682,0.00163013946748777,0,0
"5C_B_4",0.0031574199368516,0.016914749661705,0.746729815065404,0,0.0121786197564276,0.171402796571944,0.0322507893549842,0,0.0081190798376184,0,0.0027063599458728,0.0031574199368516,0.0006765899864682,0,0
"5C_B_5",0.00578282287427715,0.0304133647461983,0.598200899550225,0,0.0199186121225102,0.275005354465624,0.0246305418719212,0,0.0177768258727779,0,0.00406939387449133,0.0134932533733133,0.00128507174983937,0,0
"5C_B_6",0,0.0274291027429103,0.689446768944677,0,0.0120874012087401,0.190609019060902,0.0715946071594607,0,0.00604370060437006,0,0,0,0,0,0
"5C_B_7",0.0243013365735115,0.0328068043742406,0.2636695018226,0,0.0530579181855002,0.424463345484002,0.0571081409477521,0,0.0324017820980154,0,0.02106115836371,0.0814094775212637,0,0,0
"5C_C_1",0.0130246020260492,0.278726483357453,0.576266280752533,0.00318379160636758,0.00636758321273517,0.065123010130246,0.0101302460202605,0,0.0208393632416787,0,0.00665701881331404,0.0144717800289436,0,0,0
"5C_C_2",0.00571605128997374,0.145218600339873,0.673258149235285,0.00200834234512591,0.00679746639888769,0.0974818476749575,0.0142128842885833,0.00108141510891395,0.0355322107214584,0,0.00463463618105979,0.00772439363509964,0,0,0
"5C_C_3",0.00823252688172043,0.119959677419355,0.616095430107527,0.00168010752688172,0.0141129032258065,0.158434139784946,0.0159610215053763,0,0.035114247311828,0,0.00621639784946237,0.0162970430107527,0.0011760752688172,0,0
"5C_C_4",0.0320231337688765,0.277498125736318,0.343900610474456,0.00664024847381386,0.00921066723787084,0.145764164078398,0.0423048088251044,0.0014994109456999,0.0571918175002677,0,0.0188497376030845,0.0212059548034701,0.00128520938202849,0,0
"5C_C_5",0.0392666914406045,0.103431190387712,0.423634336677815,0.0191998018084975,0.0152359717577109,0.290969899665552,0.0296048556918122,0,0.0310912919608572,0,0.00990957512696643,0.0225442834138486,0.000743218134522482,0,0
"5C_C_6",0.00387471746851792,0.07458831126897,0.760736196319018,0,0.00322893122376493,0.0652244107200517,0.0655473038424282,0,0.0151759767516952,0,0.00678075556990636,0,0,0,0
"5C_C_7",0.0635162601626016,0.17479674796748,0.32520325203252,0,0.0177845528455285,0.197662601626016,0.0416666666666667,0,0.0503048780487805,0,0.0233739837398374,0.0386178861788618,0.00254065040650406,0,0
"5C_D_1",0.0180337405468296,0.472949389179756,0.424083769633508,0,0,0.0366492146596859,0.00930773705642816,0.00523560209424084,0.0215241419429901,0,0,0,0.0029086678301338,0,0
"5C_D_2",0.00811359026369168,0.340973630831643,0.470182555780933,0.00121703853955375,0.00141987829614604,0.100202839756592,0.0239350912778905,0,0.0221095334685598,0,0.0113590263691684,0.00324543610547667,0.00121703853955375,0,0
"5C_D_3",0.00672975814931651,0.337539432176656,0.490431125131441,0.0035751840168244,0.00231335436382755,0.102839116719243,0.010515247108307,0,0.029863301787592,0,0.00757097791798107,0.00315457413249211,0,0,0
"5C_D_4",0.00641025641025641,0.0656565656565657,0.787684537684538,0.00184537684537685,0.00437062937062937,0.0853729603729604,0.022047397047397,0,0.016025641025641,0,0.00310800310800311,0.00174825174825175,0,0,0
"5C_D_5",0.00486357266507295,0.13065699447696,0.549666144588245,0.00115406809001731,0.00321490396504822,0.237738026543566,0.0206907921853104,0,0.0253894979803808,0,0.00577034045008656,0.00214326931003215,0,0,0
"5C_D_6",0,0.0654799745708837,0.821042593769867,0.00286077558804832,0,0.0549904640813732,0.0413223140495868,0,0.00858232676414495,0,0,0,0,0,0
"5C_D_7",0.012853470437018,0.305055698371894,0.179091688089117,0,0.00342759211653813,0.280205655526992,0.0544130248500428,0,0.0565552699228792,0,0.0154241645244216,0.00299914310197087,0,0,0
"5C_E_1",0.00948509485094851,0.0663956639566396,0.498193315266486,0.00542005420054201,0.011743450767841,0.317073170731707,0.018970189701897,0,0.0239385727190605,0,0.0049683830171635,0.0266485998193315,0.004516711833785,0,0
"5C_E_2",0.00412704109097434,0.0400143549255338,0.699623183204737,0.00233267539924637,0.0130988695496142,0.171541360129194,0.0152521083796878,0,0.0208146420240445,0.000538309707518392,0.00592140678270232,0.0174053472097613,0.00125605598420958,0,0
"5C_E_3",0.00471342383107089,0.0239441930618401,0.607277526395173,0.00226244343891403,0.0179110105580694,0.273755656108597,0.0213046757164404,0,0.0245098039215686,0,0.00697586726998492,0.0128205128205128,0.000942684766214178,0,0
"5C_E_4",0.00365986606447594,0.0122255100451643,0.743731505995951,0,0.0133935524061673,0.174427659243109,0.0258526709235322,0,0.0117582931007631,0,0.00436069148107771,0.00669677620308363,0.000545086435134714,0,0
"5C_E_5",0.0217911241031092,0.0344140313579591,0.393967579059261,0.00624501727345203,0.0217911241031092,0.397023651342014,0.035078394897688,0,0.0308264682434228,0,0.0123571618389583,0.0259101780494286,0.00186021791124103,0,0
"5C_E_6",0.00320354854608181,0.0221784130113356,0.745687530803351,0,0.0113356333169049,0.125924100542139,0.0736816165598817,0,0.0098570724494825,0,0.00147856086742238,0.00271069492360769,0,0,0
"5C_E_7",0.0359450726978998,0.0339256865912763,0.262924071082391,0,0.0218093699515347,0.423263327948304,0.0440226171243942,0,0.0476575121163166,0,0.0189822294022617,0.0512924071082391,0,0,0
"5G_A_1",0.292067081213492,0,0,0.702280007537215,0,0,0,0.000565291124929339,0,0,0,0,0,0,0
"5G_A_2",0.452959363957597,0.00198763250883392,0.00088339222614841,0.532243816254417,0,0,0,0,0,0,0,0,0,0,0
"5G_A_3",0.712313190383366,0,0,0.283625730994152,0,0,0,0,0,0,0,0,0,0,0
"5G_A_4",0.684200708822981,0,0,0.302368961014736,0,0,0,0,0,0,0,0,0,0,0
"5G_A_5",0.684159779614325,0,0,0.308953168044077,0,0,0,0,0,0,0,0,0,0,0
"5G_A_6",0.666428145497913,0,0,0.317233154442457,0,0,0,0.000715563506261181,0,0,0,0,0,0,0
"5G_A_7",0.71661101836394,0,0.00292153589315526,0.274207011686144,0,0,0,0,0,0,0,0,0,0,0
"5G_B_1",0.329109405675531,0,0,0.666607174727824,0,0,0,0,0,0,0,0,0,0,0
"5G_B_2",0.551278671236488,0,0,0.441866596361719,0,0,0,0.00105457421566043,0,0,0,0,0,0,0
"5G_B_3",0.720513687056438,0,0,0.272727272727273,0,0,0,0,0,0,0,0,0,0,0
"5G_B_4",0.686944219886823,0,0,0.307396928051738,0,0,0,0,0,0,0,0,0,0,0
"5G_B_5",0.681217630271642,0,0.000951273649719903,0.308424056653631,0,0,0,0,0,0,0,0,0,0,0
"5G_B_6",0.724169460530326,0,0,0.265315452605913,0,0,0,0.00365742151782993,0,0,0,0,0,0,0
"5G_B_7",0.674247808576167,0,0,0.310116086235489,0,0.000710732054015636,0,0,0,0,0,0,0,0,0
"5G_C_1",0.34791413527744,0.00182260024301337,0.00303766707168894,0.644187930336169,0,0,0,0,0,0,0,0,0,0,0
"5G_C_2",0.532467532467532,0,0,0.462121212121212,0,0,0,0,0,0,0,0,0,0,0
"5G_C_3",0.744021952175617,0,0,0.252058016464132,0,0,0,0.00117600940807526,0,0,0,0,0,0,0
"5G_C_4",0.729581041049513,0,0,0.263013118916631,0,0,0,0.00105797714769361,0,0,0,0,0,0,0
"5G_C_5",0.729799216454456,0,0.00159157688540646,0.262977473065622,0,0,0,0,0,0,0,0,0,0,0
"5G_C_6",0.768178048106165,0.000691180536356096,0,0.212883605197678,0,0,0,0.00165883328725463,0,0,0,0,0,0,0
"5G_C_7",0.694550063371356,0,0,0.297338403041825,0,0,0,0,0,0,0,0,0,0,0
"5G_D_1",0.3203125,0,0.00147804054054054,0.67504222972973,0,0,0,0,0,0,0,0,0,0,0
"5G_D_2",0.455498866213152,0.00340136054421769,0,0.530612244897959,0,0,0,0.00113378684807256,0,0,0,0,0,0,0
"5G_D_3",0.781108208442183,0,0,0.216004399835006,0,0,0,0,0,0,0,0,0,0,0
"5G_D_4",0.732351447435246,0,0,0.262061960385983,0,0,0,0,0,0,0,0,0,0,0
"5G_D_5",0.728481806775408,0,0,0.265495608531995,0,0,0,0,0,0,0,0,0,0,0
"5G_D_6",0.723159193747429,0,0,0.271081859317153,0,0,0,0,0,0,0,0,0,0,0
"5G_D_7",0.708677685950413,0,0.00137741046831956,0.279614325068871,0,0,0,0,0,0,0,0,0,0,0
"5G_E_1",0.245287203371036,0,0,0.745398092703482,0,0,0,0.000443557329784875,0.000443557329784875,0,0,0,0,0,0
"5G_E_2",0.568215705765408,0,0,0.425074552683897,0,0.000497017892644135,0,0,0,0,0,0,0,0,0
"5G_E_3",0.72806189847141,0,0,0.264955652009813,0,0,0,0.00113228911115305,0,0,0,0,0,0,0
"5G_E_4",0.697413206262764,0,0,0.294417971409122,0,0,0,0,0,0,0,0,0,0,0
"5G_E_5",0.707563410995065,0,0,0.282681051302651,0,0,0,0.000918168254332606,0,0,0,0,0,0,0
"5G_E_6",0.760393873085339,0,0.00109409190371991,0.230488694383662,0,0,0,0,0,0,0,0,0,0,0
"5G_E_7",0.670355731225296,0,0.00158102766798419,0.310671936758893,0,0,0,0.00237154150197628,0,0,0,0,0,0,0
"7C_A_1",0.00354997269251775,0.0207536865101038,0.577553249590388,0,0,0.273347897323867,0.0669033315128345,0,0.0150191152375751,0,0.00955761878754779,0.0166575641725833,0,0,0
"7C_A_2",0,0.0309734513274336,0.53716814159292,0,0,0.265486725663717,0.0845132743362832,0,0.0256637168141593,0,0.0123893805309735,0.0216814159292035,0,0,0
"7C_B_1",0.00333000333000333,0.0196470196470196,0.418914418914419,0,0,0.436896436896437,0.0352980352980353,0,0.020979020979021,0,0.012987012987013,0.0382950382950383,0,0,0
"7C_C_1",0.00501543209876543,0.0327932098765432,0.436728395061728,0,0.00578703703703704,0.309027777777778,0.0802469135802469,0,0.0231481481481481,0,0.0196759259259259,0.0609567901234568,0.000771604938271605,0,0
"7C_D_1",0.00319744204636291,0.0379696243005595,0.335731414868106,0,0,0.477218225419664,0.0327737809752198,0,0.0183852917665867,0,0.0143884892086331,0.0503597122302158,0,0,0
"7C_E_1",0,0.015807962529274,0.457259953161593,0,0,0.36943793911007,0.0562060889929742,0,0.0134660421545667,0,0.0140515222482436,0.0497658079625293,0,0,0
"7G_A_1",0.264428980761359,0,0,0.729840360212853,0,0,0,0,0,0,0,0,0,0,0
"7G_A_2",0.741279069767442,0.00218023255813953,0,0.246729651162791,0,0.00109011627906977,0,0.00145348837209302,0,0,0,0,0,0,0
"7G_B_1",0.170339487790351,0,0,0.820428826682549,0,0,0,0,0,0,0,0,0,0,0
"7G_B_2",0.5625,0,0,0.427526595744681,0,0,0,0,0,0,0,0,0,0,0
"7G_C_2",0.718337218337218,0,0,0.279331779331779,0,0,0,0,0,0,0,0,0,0,0
"7G_D_2",0.461770623742455,0,0,0.520791415157612,0,0,0,0,0,0,0,0,0,0,0
"7G_E_1",0.52784222737819,0,0,0.466744006187162,0,0,0,0,0,0,0,0,0,0,0
"7G_E_2",0.744582043343653,0,0,0.251160990712074,0,0,0,0,0,0,0,0,0,0,0
"2C_A_4",0.0152839142529864,0.286434298805433,0.601080019636721,0.0152184585174276,0.00366552119129439,0.000720013091147112,0,0,0.0234331533300605,0.00464735722467681,0.012011127475045,0.00490918016691213,0,0.000654557355588283,0
"2C_A_5",0.591466224311123,0.0281264399594507,0.0795134089024053,0.241747304395908,0.0130494885264031,0.000663533314901852,0.00980554787577182,0,0.00396276840844162,0.00895769975117501,0.00252511289282094,0.00151138143949866,0,0.00508708874758087,0.00031333517648143
"2C_A_6",0.00468507080129417,0.160721038699105,0.567313752678684,0.0719357956216648,0.0516198159586537,0.000336148577671331,0.0296861212655994,0,0.0355897306609521,0.00117652002184966,0.0169965124585067,0.0366401949661751,0,0.00317240220177318,0.00474809865960755
"2C_A_7",0.00871241556578397,0.169615637515691,0.486908960487776,0.137859405822225,0.0499282682766453,0.00159901966644749,8.9664654193317e-05,0,0.0331908661605595,0.000567876143224341,0.0178731544025345,0.04288959292247,0,0.0106252615219081,0.0182617012373722
"2C_B_4",0.0109599272585569,0.273884522959018,0.651295706955901,0.0106189517438462,0.00363707215691368,0,0,0,0.0182665454309281,0.00284146262258882,0.00714424887965188,0.00147756056374618,0,0.000617003312333572,0
"2C_B_5",0.539400101677682,0.0212136617830568,0.0658131903683505,0.334103618801128,0.00905855710126173,0,0.00885058002495725,0,0.00378980450154827,0.0044830614225632,0.00131718814992836,0.0012709710218607,0,0.00189490225077414,0.000138651384202986
"2C_B_6",0.0136942141300564,0.163685832548903,0.529174349782724,0.12894740235458,0.0529715928872613,0.000180526363296411,0,0,0.0230944797617052,0.000902631816482057,0.0167631623060953,0.023004216580057,0,0.0106252659540174,0.0157444778274942
"2C_C_4",0.0148320289805543,0.264276682273333,0.646543180342435,0.0121663647858925,0.00128156932435665,0,0,0,0.0215132770582003,0.00114486859642528,0.0115170363282184,0.00562181743617785,0,0.00396432111000991,0
"2C_C_5",0.666698346321992,0.0249002090857251,0.0698536399923969,0.194829880250903,0.00408667553697016,0,0.013210416270671,0,0.00389659760501806,0.00351644174111386,0,0.00921877969967687,0,0.00104542862573655,0
"2C_C_6",0.0130020727942136,0.163562307034455,0.547348127962429,0.107886764556668,0.0486744263578252,0.000188435837597298,0,0,0.0333966284480135,0.000753743350389192,0.0179593848294656,0.0266419284233718,0,0.00923335604226761,0.0128861122787691
"2C_D_4",0.0249536787998326,0.299324607016915,0.621346602115833,0.0112814535891459,0.00168848245771323,8.9653935807782e-05,0,0,0.0143296874066105,0.0029585798816568,0.00502062040523579,0,0,0.000403442711135019,0
"2C_D_5",0.672748347860121,0.023468665793554,0.0543286817504403,0.207334146231315,0.00495265621942224,0.000316126992729079,0.00820424814463563,0,0.00180643995845188,0.0114859474024899,0.00114407864035286,0.000888166312905508,0,0.0025591232744735,0.000331180659049512
"2C_D_6",0.0240143591013183,0.233660332982608,0.490824410472241,0.0977440118833942,0.0499164448845702,0.00023209754286068,0,0,0.0437426502444761,0.00114501454477935,0.0165098718821563,0,0,0.00656062387819521,0.0107074333106394
"2C_D_7",0.0255645836986809,0.2374271740613,0.420743944973792,0.160850334171197,0.0509732857894429,0.000818378441573625,9.7426004949241e-05,0,0.0473100680033515,0.00128602326532998,0.013347362678046,0,0,0.00756025798406111,0.0142241967225892
"2C_E_3",0.00961526728734763,0.30617549083011,0.609825143679914,0.0161800056129733,0.00574719656388418,0.00045147828633485,0.000158627506009542,0,0.0135565507058924,0.00218417873659293,0.0145937305528779,0.00276988029724354,0,0.00111039254206679,8.5414810928215e-05
"2C_E_5",0.761421128853279,0.0247700727867742,0.0503676954616412,0.112189433692565,0.00569880945663827,0.000206887472023171,0.0140495401455735,0,0.00306569617634336,0.00827549888092686,0.00165509977618537,0.00517218680057928,0,0.00453271643250766,0.000206887472023171
"2C_E_6",0.00368579699764228,0.157937147461724,0.63883666099621,0.0675978153818605,0.0526755603306772,0.00013430029546065,0,0,0.0342913421076193,0.0005372011818426,0.0105948010863402,0.0192646312710777,0,0.00253678335870117,0.00299937326528785
"2C_E_7",0.00408045873703511,0.112886699861588,0.688554942388237,0.0687925796767989,0.0464668979525804,0,0,0,0.0336503028886772,0,0.012061620319606,0.0170228829249879,0,0.00319965486868832,0.00546457910158005
"2G_A_3",0.794219398233016,0.00487919176326272,0,0.169641503452648,0.00111642523396689,0.000165396330958058,0.00766336333439003,0,0,0.00724987250699489,0,0.00391437983267405,0,0.00299091698482489,0.00030322660675644
"2G_A_4",0.683912931002624,0.00853690084629883,0.000461953508998854,0.263516759673306,0.00208802986067482,0,0.00896189807457777,0,0.00022173768431945,0.0103477586015743,0.00022173768431945,0.00450866624782882,0,0.00535866070438671,0.000388040947559038
"2G_A_6",0.735760252182629,0.00659509870858089,0.000697279158616482,0.219003762402127,0.00151077151033571,0.000276006333619024,0.00984906811545781,0,0.00013073984224059,0.00611571928703206,0,0.00403840846032046,0,0.00604308604134284,0.000406746175859614
"2G_A_7",0.782415688669779,0.00452641682300074,0.00114523799136163,0.163267309454212,0.00231229003970158,0,0.0175057807250993,0,0.000229047598272327,0.00862745953492431,0.000119977313380743,0.00429736922472842,0,0.0049299768770996,0.000294489769207277
"2G_B_3",0.774258227848101,0.0106329113924051,0.000283544303797468,0.188253164556962,0.00180253164556962,0,0.00702784810126582,0,0,0.00789873417721519,0.00020253164556962,0.000810126582278481,0,0.00164050632911392,0.00030379746835443
"2G_B_4",0.714386776003109,0.0136006297141377,0.000777178840807867,0.219383637396252,0.00304893237547702,0.000159421300678537,0.0107908292896785,0,0.000119565975508903,0.0149656746011977,0.000488227733328019,0.00192301943943485,0,0.00426451979315086,0.000597829877544513
"2G_B_6",0.733072329370163,0.00976058599599473,0.00146138163710827,0.223537265231746,0.00221913507857181,0.000613419452613347,0.00985079473902611,0,5.41252458188248e-05,0.00846158009634294,0.00010825049163765,0.000559294206794522,0,0.00205675934111534,0.000198459234669024
"2G_B_7",0.710851741101572,0.0077071476801389,0.000482299604514324,0.235140349184914,0.00255618790392592,7.71679367222919e-05,0.0131281952348799,0,0.000221857818076589,0.0124626217806501,0.000202565833896016,0.00102247516157037,0,0.00348220314459342,0.00052088357287547
"2G_C_2",0.730802729931752,0.00365290867728307,0.000571985700357491,0.235242118947026,0.00129996750081248,0.000259993500162496,0.00750081247968801,0,0,0.00496587585310367,0,0.00713682157946051,0,0.00241793955151121,0.000181995450113747
"2G_C_3",0.785892017852206,0.00273839145832511,0.000329133588740998,0.18573666679832,0.00113221954526903,0,0.00759640322814224,0,6.58267177481996e-05,0.00331766657450926,0,0.00572692444409337,0,0.00219861237278987,0
"2G_C_4",0.732866074628649,0.00308629684202142,0.000796463701166819,0.228425789494644,0.00111504918163355,0,0.0108916411134563,0,0.000199115925291705,0.00523674883517184,0,0.00746684719843893,0,0.00312612002707977,0.000139381147704193
"2G_C_6",0.700087319902701,0.00723507765234204,0.000405413833967442,0.233175325890351,0.0013097985405102,0.000374228154431485,0.0193351213122934,0,0.000280671115823614,0.00916858978357138,0,0.0111956589534086,0,0.00633069294579929,0
"2G_C_7",0.772116450477431,0.00221699305731122,0.00305322728068299,0.179479201104607,0.00141965344897999,0.000836234223371774,0.0157912137064623,0,0.000369498842885203,0.00600921802376461,0.000155578460162191,0.00752610801034597,0,0.00182804690690574,0
"2G_D_2",0.713110218222939,0.000409017635878065,0.000264658470274042,0.257344272550105,0.000601496523350095,0,0.0115487332483218,0,4.81197218680076e-05,0.00685706036619108,0.000336838053076053,0.000216538748406034,0,0.00175636984818228,0
"2G_D_3",0.625362721491634,0.000262394270543928,0.000401308884361301,0.347703278384886,0.00111131691053899,0,0.00964684818176205,0,7.71747854540964e-05,0.00597332839414706,0.000138914613817374,7.71747854540964e-05,0,0.00160523553744521,0
"2G_D_4",0.606712544868424,0.000205766021171037,0.00028578614051533,0.362113902924164,0.00101739866023457,0,0.00889366469283706,0,8.00201193442923e-05,0.00817348361873843,6.85886737236791e-05,0.000148608793067971,0,0.00148608793067971,0
"2G_D_5",0.640752096108122,0.0098079088975097,0.0216180703291203,0.289043924414967,0.0051151295207108,0.000109498185458641,0.0130615692654236,0,0.00117319484419972,0.00550619446877737,0.000484920535602553,0.000437992741834564,0,0.00161118758603429,0.00015642597922663
"2G_D_6",0.718562280684364,0.00172478737534942,0.000674054836343451,0.239963521738268,0.00144723538391388,0.000515453698380286,0.0137388235760592,0,0,0.00874288773021946,0.000118950853472374,0.000475803413889495,0,0.00473820899664955,0.000277551991435539
"2G_D_7",0.624678512404776,0.000449838156054724,0.000312930891168504,0.333281178184805,0.0021122835153874,8.80118131411416e-05,0.0147957636980608,0,0.000185802716631299,0.00884029767551022,0.000117349084188189,0.000107569993839173,0,0.00207316715399134,0
"2G_E_2",0.709289834891585,0.000649824282209403,0.000278496120946887,0.258444400238711,0.00241363304820635,0.000172402360586168,0.00876599694980439,0,0,0.00596777402029043,0,6.63086002254492e-05,0,0.00250646508852198,7.95703202705391e-05
"2G_E_4",0.665629651931022,0.00242527639787914,0.00120427517687792,0.263552277250907,0.00511816950173115,0.000334520882466088,0.0233495575961329,0,0.00015053439710974,0.0127786977102046,0.000117082308863131,0.000167260441233044,0,0.00441567564855236,0.000200712529479653
"2G_E_5",0.676334573238162,0.0101370597500084,0.0233068596896887,0.250846151268389,0.00490935290372307,0.000536175061157468,0.00973492845414028,0,0.000904795415703227,0.00784156026942797,0.000619952414463322,0.000854529003719714,0,0.00338460507355652,0
"2G_E_6",0.637823371989295,0.00141918741383505,0.000628497283269808,0.312505068526478,0.00237207039169573,0.000243289270943151,0.0141107777147028,0,0.000243289270943151,0.0104817127564674,0.000121644635471576,0.000263563376855081,0,0.0043589327710648,0.000121644635471576
"2G_E_7",0.614011495283348,0.000408411280120332,0.000508023787466754,0.34233830399745,0.00349639900785943,0,0.0150414886093098,0,9.96125073464224e-05,0.00572771917241929,0.000159380011754276,0,0,0.00289872396378089,0
"3C_A_1",0.00302924385413026,0.104800186415006,0.679715717115228,0.0530311856771137,0.0991300633034293,0.00151462192706513,0,0,0.0120198842673502,0.00176705891490932,0.00914598625189328,0.0142335624684454,0,0.00118451201988427,0.00023301875801002
"3C_A_2",0.00299421495073669,0.138524812437856,0.626559251559252,0.0307443731356775,0.11916975503932,0.00124288167766429,0,0,0.0162139564313477,0.00163834402964838,0.011366717888457,0.0213436680827985,0,0.00308460634547591,0.000474554822380909
"3C_A_3",0.00200991330119743,0.113832632134766,0.609642473896677,0.0133284504931101,0.166064828220545,0.000647260215639851,0,0,0.0210359570082952,0.000664293379209321,0.0145037387794035,0.0331720860515424,0,0.00584237510432813,0.000536544652438297
"3C_A_4",0.00161200397546845,0.0985261677938574,0.439034736867622,0.165272828642765,0.156752236201004,0.000836302814340775,0.0316946646304511,0,0.0180108113349332,0.000521174217632657,0.0129929944488886,0.0169927035609531,0,0.00567231474074613,0.0209681720117325
"3C_A_5",0.00186295776445068,0.0648845221385734,0.432104121475054,0.174594870486155,0.133750159499809,0.00421079494704606,0.0434605078473906,0,0.0126706647952022,0.000535919356896772,0.0118795457445451,0.0339670792395049,0,0.0063161924205691,0.0226489728212326
"3C_A_6",0.00272304262609034,0.0618669299938657,0.310711133055044,0.253961129314601,0.160105929350509,0.00445860825590616,0.0385265646273771,0,0.011355985457157,0.00064335622484552,0.00674775947454254,0.020213354878286,0,0.00520669688944746,0.0267815730807786
"3C_B_1",0.00473729543496985,0.19702842377261,0.601851851851852,0.051483830553598,0.0905763056925848,0.00138986766893744,0.00324954976117767,0,0.00912223005246261,0.00109623365437319,0.00808472320100227,0.0113734241641218,0,0.000274058413593297,0
"3C_B_2",0.0053276505061268,0.162766922489885,0.599994240377831,0.0259902950366456,0.126783682990396,0.0020590649253409,0.0106409019568316,0,0.0103241227375484,0.0014111074313525,0.0109864792869588,0.0171780731184034,0,0.000878342380739824,0
"3C_B_3",0.0140553408664743,0.166625902917054,0.514308076114073,0.0187513248218624,0.191206443933539,0.000790816742487241,0.0211645387989369,0,0.0133868153728253,0.000823427742177436,0.0107127133982292,0.0268388527450309,0,0.00050547049519803,0
"3C_B_4",0.00474098057354302,0.126422294172063,0.297617946345976,0.238945420906568,0.169125809435708,0.00196577243293247,0.0412002775208141,0,0.0201665124884366,0.000948196114708603,0.0137257169287697,0.0242599444958372,0,0.00393154486586494,0.019067992599445
"3C_B_5",0.00307068048472885,0.0960318765878891,0.395770503189487,0.17744146515326,0.158341101423845,0.00197400888303997,0.0362815521558736,0,0.0133976714006324,0,0.0110215495969732,0.0224452121145656,0,0.00290617974447552,0.0184240829083731
"3C_B_6",0.0020742057696785,0.111266323787754,0.237919867928122,0.298325819628759,0.168497470738883,0.00673058606895676,0.0400237052087963,0,0.015535377907592,0.000465638029927826,0.00692107435392723,0.0183503714521557,0,0.00340762376447182,0.022625775181493
"3C_C_1",0.00630703740087416,0.175500790159313,0.655405116815444,0.0370734207491565,0.0577456968350916,0.000925411808254673,0.00347385355714062,0,0.0121869616594769,0.00130981363629892,0.00992326200543857,0.0135821979242301,0,0.000441350247013767,0.000142371047423796
"3C_C_2",0.0101489389745618,0.123530014791383,0.689058770118477,0.0219820453114245,0.0773838290643352,0.00196242110042031,0.00905056895566979,0,0.0127118023519763,0.00134733388984081,0.0103979028455106,0.018584420719652,0,0.00102514535096583,0.000248963870948845
"3C_C_3",0.00277714081887437,0.0861932788096512,0.716247547708222,0.00522306300797473,0.127965043695381,0.000101913424545848,0.0150959260108538,0,0.012407959438457,0.000433132054319855,0.00936329588014981,0.0120894799867513,0,0.000433132054319855,0
"3C_C_4",0.00486563604616498,0.0776478855244666,0.55454409948469,0.112825262978578,0.113219198500916,0.000393935522337209,0.0351773774541118,0,0.0160661811677527,0.000436523146373664,0.0148098462586772,0.0236467782462416,0,0.00432264383970018,0.0120842383203441
"3C_C_5",0.00369872783665887,0.0577366439435405,0.516179861007447,0.135260652502032,0.119503740193395,0.000663448939311008,0.0425602494568012,0,0.0135343583619446,0,0.00889021578676751,0.0303527889734786,0,0.00326748602610672,0.0160388781078436
"3C_C_6",0.00457921204249509,0.0703866520131881,0.311985879375229,0.219136110833583,0.0995437439637659,0.00509541412728544,0.0809604689113132,0,0.0160522196689646,0.000582808805408466,0.0100576148133347,0.0430612448796083,0,0.00859226695973624,0.0351683484863623
"3C_D_1",0.00330073214226377,0.107052268976441,0.659149563040661,0.0543623938061429,0.109743805589092,0.000808568612031058,4.43051294263593e-05,0,0.0125715804747295,0.00138453529457373,0.00981358616793859,0.0171903902174274,0,0.00275799430679087,0.000974712847379905
"3C_D_2",0.00338544164189124,0.128550877529491,0.635264217895847,0.0280234007864199,0.114903615613312,0.00210990697228349,5.75429174259135e-05,0,0.0204948690898629,0.0015057063393114,0.0108468399347847,0.0249352642178958,0,0.00521722451328282,0.00134266807327131
"3C_D_3",0.0043380494696834,0.0703639583706445,0.680257895051042,0.00704435556086204,0.163452928183392,0.00035818757089129,0.0152229717628798,0,0.0244562513680775,0.000517382046842975,0.00817861620201779,0.0115018008875092,0,0.0019700316399021,0.00035818757089129
"3C_D_4",0.00455398208666183,0.0822440087145969,0.467017671266037,0.174942507867344,0.134486201888163,0.000847252481239409,0.0367344468651658,0,0.0190480513192932,0,0.00968288549987896,0.0205912611958364,0,0.00630900508351489,0.0159616315662067
"3C_D_5",0.00447205372969281,0.0555347763160034,0.454393182963915,0.174816645797083,0.0962711202901143,0.00160993934268941,0.0445579171613029,0,0.0152375067080806,0.00047159839331306,0.0100336623680744,0.0317271884604752,0,0.0057242287740068,0.0291740523311596
"3C_D_6",0.00226354082457559,0.0462409054163298,0.337978981406629,0.270541632983023,0.141907841552142,0.00489894907033145,0.0361034761519806,0,0.0145028294260307,0,0.00711398544866613,0.0195634599838319,0,0.00679062247372676,0.0299272433306386
"3C_E_2",0.00968486413715416,0.241819380718191,0.535071571832843,0.0431216858532297,0.0917245926862104,0.000879193340110449,0,0,0.0175014424265736,0.00145616396955793,0.0110998159188944,0.0189163942083139,0,0.000796768964475094,0.000384647086298321
"3C_E_3",0.00575548668648409,0.120021925663568,0.6386692808804,0.00864377121413362,0.167351843653153,0.000674635802078722,0.00459595640166129,0,0.0263318786498851,0,0.0069150169713069,0.0080745472561297,0,0.0012649421288976,0
"3C_E_4",0.00351475680984132,0.122344549542565,0.577738150617667,0.0882048896469737,0.0992660360779449,0.00167984700470357,0.0177288468496408,0,0.0177030030495684,0,0.00953636222670181,0.018245722851088,0,0.00258438000723626,0.00715873262004445
"3C_E_5",0.0026122952027543,0.108577705734993,0.486864843865125,0.110814902139403,0.153562768764987,0.000843972296274465,0.0278376893914022,0,0.0202553351105872,0.000442080726619958,0.0120701434752904,0.014709231449355,0,0.00225059279006524,0.0131284579420472
"3G_A_1",0.635922017758332,0.00012868356710848,0.000707759619096641,0.349134603011195,0.00020911079655128,6.43417835542401e-05,0,0,0,0.000868614077982242,0,0,0,0.00416613048513705,0
"3G_A_2",0.80210774559658,0.000191613236052767,0.000663276586336502,0.177522293463041,0.000280050114230968,0.000162134276660034,0,0,4.42184390891002e-05,0.00308055125654064,0.000191613236052767,0,0,0.00623479991156312,0
"3G_A_3",0.667394074546034,0,0.000621216948072635,0.308282892640968,0,0.000302644154189232,0,0,0,0.00184772220452373,0,0,0,0.00941382605925454,0
"3G_A_4",0.790253385172275,0.000181947024687338,0.000632026506808649,0.184925210196694,0.000153218547105127,0.000239403979851761,0.00119701989925881,0,0,0.00426139084136135,0,0,0,0.00771838431042078,0
"3G_A_5",0.810904152114862,0,0.00125468891475876,0.17328935454663,0,0.000142284309921097,6.46746863277713e-05,0,0,0.00213426464881645,0,0,0,0.00556202302418833,0
"3G_A_6",0.715973750094833,0.000682801001441469,0.00146043547530536,0.259179880130491,0,0.000113800166906911,0.000113800166906911,0,0,0.0023139367271072,0.000189666944844852,5.69000834534557e-05,0,0.00711251043168197,0
"3G_A_7",0.78845611273629,0,0,0.180776027204015,0,0,0.0106024382638136,0,0,0.00210860817011419,0,0,0,0.00828593914735013,0
"3G_B_1",0.676812649537085,0,0.000998647664620826,0.307323416207219,0.000104025798398003,0.000135233537917404,0,0,0,0.00169562051388744,0,0,0,0.00427546031415791,0
"3G_B_3",0.661757225944846,0.000132687587076229,0.000873526614918508,0.316305092991884,8.84583913841527e-05,0.000199031380614344,0,0,0,0.00291912691567704,0,0,0,0.00751896326765298,0
"3G_B_4",0.800659538662904,0.00025497628720529,0.00195481820190722,0.169117272093695,0.000322969963793367,0.000237977868058271,0.000152985772323174,0,0,0.00594944670145676,0,0,0,0.00807424909483418,0
"3G_B_5",0.828745594818554,0.000457186398704639,0.00234308029336127,0.143175540527669,0,0,0.00634346128202686,0,0,0.00483855605295742,0,0,0,0.00640060958186494,0
"3G_B_6",0.707254985150615,0,0.0271531607976241,0.216376750106067,0,0.00509121764955452,0,0,0,0,0,0,0,0.00466694951209164,0
"3G_C_2",0.755695067264574,0.000343796711509716,0.00207772795216741,0.223363228699552,0.000762331838565022,0.000179372197309417,0.00272047832585949,0,2.98953662182362e-05,0.00397608370702541,0.000164424514200299,0,0,0.00361733931240658,0
"3G_C_3",0.667877175320006,0.000323601323169855,0.000755069754062994,0.311088738673954,0.000479409367659044,0.000143822810297713,0.00107867107723285,0,0,0.00336785080780478,0,2.39704683829522e-05,0,0.006771657318184,0
"3G_C_4",0.73842635900634,0.000124727159338946,0.000893877975262447,0.215029622700343,0.000727575096143852,0.000249454318677892,0.0186882860409521,0,0,0.0053840557114645,0,0,0,0.00515538925267644,0
"3G_C_5",0.803198017181221,0.000228601679620762,0.000962533387876892,0.172473951440191,0.000372981687802296,0.000240633346969223,0.00687008205597132,0,0,0.00370575354332603,0,0,0,0.00351324686575066,8.4221671439228e-05
"3G_C_6",0.716030743892396,0.000422728520450178,0.000334888827889102,0.257474608838869,0.000269009058468295,0.000109799615701345,0.00103211638759264,0,0,0.00343123799066703,7.68597309909415e-05,0,0,0.00783420258029097,0
"3G_D_1",0.602380952380952,0.000208550573514077,0.00158150851581509,0.378919012860619,8.68960722975322e-05,8.68960722975322e-05,0,0,0,0.00392770246784845,0,0,0,0.00276329509906152,0
"3G_D_2",0.714342235410485,0.000256007447489382,0.00131494734392273,0.262675277826264,0.000116367021586083,0.000162913830220516,0,0,0,0.00463140745912608,0,0,0,0.00524815267353232,0
"3G_D_3",0.63186032273582,7.65294966545677e-05,0.000688765469891109,0.348679319543447,4.37311409454673e-05,6.55967114182009e-05,7.65294966545677e-05,0,0,0.00377181090654655,0,0,0,0.00648314164516552,0
"3G_D_4",0.794080733568977,0.000307361303211926,0.00120383177091338,0.162555709236207,0,0.000217714256441781,0.0109497464269248,0,0,0.00671072178679371,0,0,0,0.00824752830285334,0
"3G_D_5",0.803117708894188,0,0.00149988462425967,0.171204779119555,0.000166653847139964,0.000192292900546112,0.00715329590031536,0,0,0.00320488167576853,0,0,0,0.00437145860574828,0
"3G_D_6",0.733530607364897,0.000538020086083214,0.00127032520325203,0.242378048780488,0.000134505021520803,0.000149450023912004,0,0,0,0.00297405547584888,0,0,0,0.00526064084170253,0
"3G_E_1",0.595492103336471,0.000679845204476519,0.00392218387197992,0.3828574416902,0,0.000418366279677858,0,0,0,0.0032423386675034,0,0,0,0.0047066206463759,0
"3G_E_2",0.681433590420556,0.000394985759723926,0.00186059081554165,0.292081574953745,0.000187098517763965,0.000810760243643848,0.000280647776645947,0,0.00010394362097998,0.00411616739080723,0,7.27605346859863e-05,0,0.00687067334677671,0
"3G_E_3",0.592436165860467,0.000132361081029047,0.000705925765488252,0.384031638309308,0,6.41750695898411e-05,0.000112306371782222,0,0,0.00385451511723983,0.000132361081029047,0,0,0.00735606735173553,0
"3G_E_4",0.810281040212025,0.00029597341620589,0.00153368042943052,0.135313664554493,0,0.000282520079105622,0.0202069123246021,0,0.000107626696802142,0.0071706286744427,0,4.03600113008032e-05,0,0.00909445587978098,6.72666855013386e-05
"3G_E_5",0.81037619686472,0.000330803300681822,0.000514582912171724,0.148696083656479,0,0,0.0145553452300002,0,0,0.00580743572308088,0,0,0,0.00755334203223494,0
"3G_E_6",0.716317026525935,0.000175185039197653,0.000905122702521205,0.250704389845107,0,0.000102191272865297,8.75925195988263e-05,0,0,0.00249638680856655,0.000175185039197653,0,0,0.0134454517584198,0
"7C_A_3",0.00367272532303898,0.0327060211248727,0.464800814969707,0.00104552034743445,0.000268082140367809,0.338292852930138,0.0762693689346416,0,0.0189265991099673,0.000134041070183904,0.0121977373867353,0.02348399549622,0,0,0.001956999624685
"7C_A_4",0.00648006041560087,0.0280152987892519,0.529148091305513,0.00158347340982728,0.000803917269604619,0.301517698360496,0.0613169626543887,0,0.0188555141416356,0,0.0112792029038466,0.0170771516967527,0,0,0.00165655679797315
"7C_A_5",0.00617248005590171,0.0307750538636231,0.457899027543236,0.00131019623828102,0.000174692831770803,0.380946835148198,0.0618121469749025,0,0.0157805858032959,0,0.00981191405112677,0.0147906597565947,0,0,0.00107727246258662
"7C_A_6",0.00214091707940566,0.0266176705544017,0.457804761143953,0.00054321776641636,0,0.394120466528199,0.0463652340629494,0,0.0219204345742131,0,0.0102891835756511,0.0143792938169037,0,0,0.00172551525802844
"7C_A_7",0.00228738498581133,0.0350331068879525,0.368595751999312,0.000601943417318772,0.000189182216871614,0.476721988133116,0.0447845902485166,0,0.0197265457047038,0,0.00813483532547941,0.017163986585261,0,0,0.00159944965173274
"7C_B_2",0.00522948066580217,0.0175378924767756,0.411130715758594,0.00208328904572607,0.000382644926766013,0.475903998639485,0.0223209540613507,0,0.0268064029251079,0,0.00573967390149019,0.0209816968176697,0,0,0.00119045088327204
"7C_B_3",0.00265484734627759,0.0145791616982024,0.402209372961055,0.000854950840326681,0.000607465070758431,0.479087452471483,0.0358629378810718,0,0.029405809165973,0,0.00573717011271852,0.0141741849843634,0,0,0.00119243143519248
"7C_B_4",0.00447863618304619,0.0136887347852783,0.393469859500849,0.00155307545057247,0.000433416404810922,0.474663199335428,0.0399104272763391,0,0.0258966301874526,0,0.00592335753241593,0.0232238956911186,0,0,0.00169754758550944
"7C_B_5",0.00338178018428802,0.00887242329248599,0.333884297520661,0.000664956777809442,0.000322979006364586,0.549102308349957,0.0262182958107723,0,0.0251353662011969,0,0.00343877647952883,0.0342167759095659,0,0,0.00195687280326779
"7C_B_6",0.0019419115163796,0.00939294157379264,0.355918608578183,0.0004854778790949,0.000886524822695035,0.549455420466059,0.0247593718338399,0,0.0219731509625127,0,0.00382049983113813,0.0178571428571429,0,0,0.00154086457277947
"7C_B_7",0.00170657289134819,0.01634172829291,0.224776335522573,0,0.000258571650204272,0.59262036510317,0.0393287479960697,0,0.0377773180948441,0,0.00703314888555619,0.0446553239902777,0,0,0.00224957335677716
"7C_C_2",0.00492899420237157,0.0354119952326122,0.33402016039432,0.000848433428277074,0.00175746924428822,0.449043492313597,0.0649051572631962,0,0.0224834858493425,0,0.0112114417308042,0.0490273316768681,0,4.04015918227178e-05,0.00458558067187847
"7C_C_3",0.00428988361053483,0.0719434579274939,0.292028552340096,0.00109005239284082,0.00179331200112522,0.465839164527585,0.0610780969795,0,0.0211329512289462,0,0.00886107106438342,0.0439537255177749,0,0,0.00502830619923345
"7C_C_4",0.00458238452672121,0.0160805150262855,0.438418936774339,0.000927722020747238,0.000365466250597397,0.467684349610638,0.0259481037924152,0,0.0103173933822496,0,0.00463861010373619,0.0168957858930027,0,0,0.0024739253886593
"7C_C_5",0.00594516982994571,0.0417283618252793,0.358549827253556,0.00132364158478037,0.000807645712747341,0.491542154619285,0.0325750437474761,0,0.0168708215551667,0,0.00643873109884686,0.0266523085206623,0,0,0.00374657872302239
"7C_C_6",0.00303493449781659,0.0162008733624454,0.524912663755459,0.000480349344978166,0.000786026200873362,0.388995633187773,0.0260698689956332,0,0.0136244541484716,0,0.00465065502183406,0.0105458515283843,0,0,0.00157205240174672
"7C_C_7",0.00444262582568539,0.0785058747880984,0.257423861577132,0.0264511603437189,0.0012714093645876,0.425805225930905,0.0290670485766061,0,0.0151984567720816,0,0.00656164143333138,0.0219646928158064,0,0,0.0117934178991056
"7C_D_2",0.00556305945376708,0.0403836908495685,0.31871980952817,0.00153384766832261,0.000503651473180559,0.477370023580046,0.0311577115908519,0,0.0222522378150683,0,0.00787527758064147,0.0569126164694032,0,0,0.00551727295620521
"7C_D_3",0.00846658917407559,0.0264050768119129,0.316656718293487,0.00241902547830731,0.000345575068329616,0.535782727529767,0.0308190129119412,0,0.0129590650623606,0,0.00628318306053847,0.032169897269957,0,0.000109955703559423,0.00442964405767962
"7C_D_4",0.00453966415749855,0.0339548349739433,0.446253618992473,0.00104226983207875,0.00106543138390272,0.419432541980313,0.0395367689635206,0,0.0139432541980313,0,0.00674001158077591,0.0192240880138969,0,6.94846554719166e-05,0.00317313259988419
"7C_D_5",0.00606309407269397,0.022989231692298,0.276849717371396,0.000915779833896485,0,0.567215081946506,0.0343891116935611,0,0.0153156282565447,0,0.00505257839391164,0.045946884769634,0,0,0.00476837085925411
"7C_D_6",0.00617820252920166,0.0130321459600348,0.431856356791196,0.00052128583840139,0.000115841297422531,0.461704797760402,0.0227821218264311,0,0.0134568973839174,0,0.00449850371657496,0.0253113234868231,0,0,0.00368761463461724
"7C_D_7",0.0128864247311828,0.0259912634408602,0.184526209677419,0.00109206989247312,0,0.56192876344086,0.032442876344086,0,0.0168514784946237,0,0.00690524193548387,0.0662634408602151,0,0,0.00700604838709677
"7C_E_2",0.00520510596108564,0.0166067666377494,0.424340066922791,0.0016730697732061,0.00043375883009047,0.386726979799232,0.0421365720659313,0,0.0288139794274383,0,0.0112157640351964,0.0426942619903334,0,0,0.00545296814970876
"7C_E_3",0.00482364507803859,0.00860267912006882,0.443468108639548,0.00141329728401131,0.000645200934005162,0.432684035885461,0.0461165048543689,0,0.01625291876613,0,0.00660562861005284,0.0175125967801401,0,0,0.00319528081602556
"7C_E_5",0.00402191946106279,0.00661103011412196,0.422050173445277,0.0011814388416872,0.000226232969684782,0.484565884068172,0.0322256296817656,0,0.0148056910160374,0,0.00465034437685385,0.0138756221406666,0,0,0.00206123372379468
"7C_E_6",0.00206644667286067,0.00490180373562298,0.459824432127639,0.00041649312786339,0.000272322429756832,0.471886713869221,0.0229071220324865,0,0.0119821869093006,0,0.00336398295581969,0.00901867811488803,0,0,0.00201838977349181
"7C_E_7",0.0014318290290078,0.00717240282123349,0.274354351169327,0.000291668876279366,0.000278411200084849,0.597059447420056,0.0297899984090789,0,0.0160285305191706,0,0.00575383146842021,0.0296971946757172,0,0,0.00319509996287851
"7G_A_3",0.809029930669072,0.00045093286736937,0.00171918155684572,0.181838678766699,0,0.000704582605264641,0.000253649737895271,0,0,0,0,0,0,0.00143734851473987,0
"7G_A_4",0.697377847829202,0.000687777618569996,0.00286574007737498,0.286201461527439,0.000372546210058748,0.000974351626307494,0,0,0,0,0,0,0,0.00232124946267374,0
"7G_A_5",0.816380007247791,0.000306637303821816,0.00111504474117024,0.173528837844619,0,0.000501770133526608,0,0,0,0,0,0,0,0.00143562010425668,0
"7G_A_6",0.734657172221407,0,0.000935985905153428,0.248531786815446,0,0.000330347966524739,0,0,0,0,0,0,0,0.00234914109528704,0
"7G_A_7",0.690413931234005,0,0.000417269389117614,0.290948036052075,0,0.000222543674196061,0,0,0,0,0,0,0,0.0062034049182152,0
"7G_B_3",0.778560732845944,0.000748700783933762,0.00378754514225315,0.211574033295164,0,0.0015854840130362,0,0,0,0,0,0,0,0.00198185501629525,0
"7G_B_4",0.762932677315408,0.000623679013201206,0.0041232112539413,0.222861300717231,0.000415786008800804,0.000658327847267939,0.000242541838467136,0,0,0,0,0,0,0.00145525103080281,0
"7G_B_5",0.775145518044237,0.000291036088474971,0.0022894838960031,0.211078773767947,0.00013581684128832,0.000310438494373302,0,0,5.82072176949942e-05,0,0,0,0,0.0019790454016298,0
"7G_B_6",0.742954227463522,0,0.00128494331972245,0.244196339339254,0,0,0,0,0,0,0,0,0,0.00345506981525371,0
"7G_B_7",0.729131618180077,0,0.000259871705442261,0.259324607115014,0,0,0,0,0,0,0,0,0,0.00408955999617031,0
"7G_C_3",0.787291169451074,0.000367174591518267,0.00174407930971177,0.201693592803378,0,0.000711400771066642,0,0,0,0,0,0,0,0.00167523407380209,0
"7G_C_4",0.760912698412698,0.000476953601953602,0.00148809523809524,0.227316086691087,7.63125763125763e-05,0.000438797313797314,5.72344322344322e-05,0,0,0,0,0,0,0.00108745421245421,0
"7G_C_5",0.711346969377475,0.000351444436634568,0.00229610365267918,0.271197956936342,0.00018743703287177,0.000679459244160165,0.000117148145544856,0,0,0,0,0,0,0.00227267402357021,0
"7G_C_6",0.756073805530004,0.000121746658730588,0.000771062171960392,0.232901358151615,0,0.000311130350089281,0,0,0,0,0,0,0,0.00225907688977869,0
"7G_C_7",0.705706364046683,0,0.000283706235089303,0.283138822619124,0,0,0,0,0,0,0,0,0,0.00291443677864466,0
"7G_D_3",0.779549989182432,0.000240390393999856,0.00146638140339912,0.207468929541576,4.80780787999712e-05,0.000444722228899733,0.00164667419889901,0,0,0,0,0,0,0.00277650905069833,0
"7G_D_4",0.723791252823041,0.000582821340974769,0.00344835960076738,0.254595789115811,0.000169989557784308,0.000825663566380922,0,0,0,0,0,0,0,0.00422545472206707,0
"7G_D_5",0.842567419768132,0,0.00237492578356926,0.147557888815975,0.000468735352020249,0.000624980469360333,0,0,0,0,0,0,0,0.0029999062529296,0
"7G_D_6",0.832215637829503,0,0.000668759636640597,0.157232821236834,0,0.000204343222306849,0,0,0,0,0,0,0,0.00477420073935093,0
"7G_D_7",0.674635410184756,0.000181022096009594,0.000724088384038377,0.30641383913924,0,0.00030547478701619,0,0,0,0,0,0,0,0.00954891556450609,0
"7G_E_3",0.831531599637133,0,0.000718173571212579,0.160568491079528,0,0.000415784699123072,0,0,0,0,0,0,0,0.00275929845781675,0
"7G_E_4",0.761637154066377,0.000339306542254268,0.00184497932350758,0.226762803520305,0.000169653271127134,0.000657406425617644,0,0,0,0,0,0,0,0.00248117909023433,0
"7G_E_5",0.783374660526627,0.00040146416341953,0.00153501003660409,0.206683197543984,7.08466170740347e-05,0.000661235092690991,0,0,0,0,0,0,0,0.00203093635612233,0
"7G_E_6",0.6917249953951,0.000184195984527537,0.000874930926505802,0.291812488487751,0,0,0,0,0,0,0,0,0,0.00448977712285872,0
"7G_E_7",0.714139631310584,0.00014007956519303,0.000546310304252816,0.275242337647784,0,0.000280159130386059,0,0,0,0,0,0,0,0.00439849834706113,0
