"Sample_Name","Substrate","Frequency","Substrate_Frequency","Replicate","Time","Run","Richness","Shannon","InverseSimpson","Pielou","Count"
"1C_A_1","Cellulose","1","1C","A",1,"run1",3.74165738677394,0.98131829354444,1.63411487261077,0.190569363834768,14
"1C_A_2","Cellulose","1","1C","A",2,"run1",4.24264068711929,0.922917825766341,1.55652959519154,0.139812375231655,18
"1C_A_5","Cellulose","1","1C","A",5,"run1",4.35889894354067,0.875896734663285,1.53940742681193,0.126369863862733,19
"1C_A_6","Cellulose","1","1C","A",6,"run1",3.87298334620742,1.13236731768287,2.40398128176358,0.206866238911656,15
"1C_A_7","Cellulose","1","1C","A",7,"run1",3.46410161513775,0.967393762035961,1.95344496315918,0.219256524972225,12
"1C_B_1","Cellulose","1","1C","B",1,"run1",3.74165738677394,0.885818775432098,1.53883422090824,0.173212077426822,14
"1C_B_2","Cellulose","1","1C","B",2,"run1",4.12310562561766,0.918292359366763,1.58692682219168,0.147353475306791,17
"1C_B_4","Cellulose","1","1C","B",4,"run1",3.60555127546399,0.90725079263354,1.5693434993002,0.190577076569837,13
"1C_B_5","Cellulose","1","1C","B",5,"run1",4.12310562561766,0.874401633116909,1.54250909980177,0.141025900929356,17
"1C_B_7","Cellulose","1","1C","B",7,"run1",4.12310562561766,1.18573125406566,2.35170830698552,0.192534082305067,17
"1C_C_1","Cellulose","1","1C","C",1,"run1",4,1.0619574370408,1.72246841214547,0.180751650751067,16
"1C_C_2","Cellulose","1","1C","C",2,"run1",4,0.867527371421801,1.50249335245329,0.148813512511354,16
"1C_C_4","Cellulose","1","1C","C",4,"run1",3.87298334620742,0.872941599643263,1.51167482895431,0.159596168450187,15
"1C_C_6","Cellulose","1","1C","C",6,"run1",4.24264068711929,1.15840626283338,2.42959556996684,0.17693630055311,18
"1C_C_7","Cellulose","1","1C","C",7,"run1",3.60555127546399,1.03830115812491,2.27016311198683,0.217262669411784,13
"1C_D_1","Cellulose","1","1C","D",1,"run1",3.60555127546399,0.84021858458714,1.50290189703874,0.178221027249347,13
"1C_D_2","Cellulose","1","1C","D",2,"run1",4.35889894354067,0.917343700921541,1.57631972946977,0.131717568896569,19
"1C_D_3","Cellulose","1","1C","D",3,"run1",3.46410161513775,0.921722421533428,1.58899454935578,0.209468014173044,12
"1C_D_4","Cellulose","1","1C","D",4,"run1",4.12310562561766,0.864911232103693,1.48407523153229,0.139693839472946,17
"1C_D_5","Cellulose","1","1C","D",5,"run1",4,0.970087972486129,1.68681798425725,0.164886033505909,16
"1C_D_6","Cellulose","1","1C","D",6,"run1",3.74165738677394,1.09381856702142,2.24966147612841,0.213260946406959,14
"1C_E_1","Cellulose","1","1C","E",1,"run1",3.87298334620742,0.972150921112791,1.6197380545854,0.176241638422534,15
"1C_E_2","Cellulose","1","1C","E",2,"run1",3.87298334620742,0.797594465365332,1.4173587879317,0.148012916446807,15
"1C_E_3","Cellulose","1","1C","E",3,"run1",4.12310562561766,1.09619180340175,1.79420242973632,0.176043960308122,17
"1C_E_4","Cellulose","1","1C","E",4,"run1",4.35889894354067,1.25774458268681,1.9793885723235,0.185130481616585,19
"1C_E_5","Cellulose","1","1C","E",5,"run1",4.24264068711929,1.20652794798999,1.93717820852251,0.185658964967727,18
"1C_E_6","Cellulose","1","1C","E",6,"run1",4.12310562561766,1.12725409216151,2.07850777641444,0.181598104273009,17
"1G_A_2","Glucose","1","1G","A",2,"run1",3.16227766016838,1.07416841331585,2.58889370677251,0.292755737027058,10
"1G_A_4","Glucose","1","1G","A",4,"run1",2.82842712474619,1.06144633881955,2.6215216274052,0.361318585015914,8
"1G_A_5","Glucose","1","1G","A",5,"run1",2.64575131106459,1.14854249511349,2.69606670009712,0.450513311567026,7
"1G_A_6","Glucose","1","1G","A",6,"run1",4,1.05236404273986,1.92605551142801,0.179025919938298,16
"1G_B_2","Glucose","1","1G","B",2,"run1",3,1.24201066673788,3.00323835857271,0.38472983796033,9
"1G_B_4","Glucose","1","1G","B",4,"run1",3,1.15798182355103,2.88714731841628,0.353722435543699,9
"1G_B_5","Glucose","1","1G","B",5,"run1",3.46410161513775,1.43443266592675,3.5203770112814,0.349771923568056,12
"1G_B_6","Glucose","1","1G","B",6,"run1",3.74165738677394,1.20246119360952,2.47694550609738,0.237735602664671,14
"1G_B_7","Glucose","1","1G","B",7,"run1",3.60555127546399,1.33899683939764,3.16240734416996,0.293478024027075,13
"1G_C_4","Glucose","1","1G","C",4,"run1",3.16227766016838,1.24419488915952,2.9849153547868,0.347013982716377,10
"1G_C_5","Glucose","1","1G","C",5,"run1",3.46410161513775,1.4073298671122,3.40679731521443,0.340419437261188,12
"1G_C_7","Glucose","1","1G","C",7,"run1",3.60555127546399,1.38234123987603,3.40225294653781,0.306478363708947,13
"1G_D_1","Glucose","1","1G","D",1,"run1",3.3166247903554,1.18218578338149,2.96730874228756,0.296499576339601,11
"1G_D_2","Glucose","1","1G","D",2,"run1",3,1.2256424598865,3.0000343856417,0.378483758404361,9
"1G_D_4","Glucose","1","1G","D",4,"run1",3.3166247903554,1.30437098605004,3.23688754512819,0.335033655927445,11
"1G_D_6","Glucose","1","1G","D",6,"run1",3.74165738677394,1.38763035834899,3.00803447503558,0.28609625430599,14
"1G_D_7","Glucose","1","1G","D",7,"run1",3.46410161513775,1.42245995247185,3.32814178758506,0.345609173982551,12
"1G_E_1","Glucose","1","1G","E",1,"run1",3.16227766016838,1.20355076511986,3.07885467951741,0.33319268327998,10
"1G_E_2","Glucose","1","1G","E",2,"run1",3,1.25124194581637,2.87328062676514,0.388297829690451,9
"1G_E_4","Glucose","1","1G","E",4,"run1",3.16227766016838,1.260878904728,3.12991447934986,0.352852135902521,10
"1G_E_5","Glucose","1","1G","E",5,"run1",3.46410161513775,1.31749395913907,3.00789271600741,0.311170996275868,12
"1G_E_6","Glucose","1","1G","E",6,"run1",4.35889894354067,1.19015677296358,2.15235551630089,0.173031398591695,19
"2C_A_2","Cellulose","2","2C","A",2,"run1",4.47213595499958,1.81770839658803,3.67973244825901,0.307886559561052,20
"2C_A_4","Cellulose","2","2C","A",4,"run2",4.89897948556636,1.17418790827194,2.24485918874659,0.134813097592345,24
"2C_A_6","Cellulose","2","2C","A",6,"run2",5.3851648071345,1.54110856279827,2.77782106998198,0.161026349292255,29
"2C_A_7","Cellulose","2","2C","A",7,"run2",5.8309518948453,1.67698693962605,3.39690690396068,0.157335692890761,34
"2C_B_2","Cellulose","2","2C","B",2,"run1",3.87298334620742,1.28580839749077,2.58512154125421,0.241172748476458,15
"2C_B_3","Cellulose","2","2C","B",3,"run1",3.46410161513775,1.05264523573676,2.28822240906342,0.23876835713554,12
"2C_B_4","Cellulose","2","2C","B",4,"run2",4.69041575982343,0.997192854886261,1.99923829533557,0.123211905318586,22
"2C_B_6","Cellulose","2","2C","B",6,"run2",5.65685424949238,1.59269144388371,3.03690994748794,0.153655152199761,32
"2C_C_1","Cellulose","2","2C","C",1,"run1",3.46410161513775,1.43594102827651,2.49922045493739,0.350299904461716,12
"2C_C_3","Cellulose","2","2C","C",3,"run1",3.74165738677394,1.12580159426116,2.38929137573691,0.220191923066683,14
"2C_C_4","Cellulose","2","2C","C",4,"run2",4.79583152331272,1.05028505582511,2.04486209331003,0.124281122794494,23
"2C_C_6","Cellulose","2","2C","C",6,"run2",5.09901951359279,1.56551589012044,2.91304101342149,0.184043957968855,26
"2C_D_1","Cellulose","2","2C","D",1,"run1",3.60555127546399,1.45618491686818,2.55745443062222,0.329966402406742,13
"2C_D_2","Cellulose","2","2C","D",2,"run1",3.74165738677394,1.44890923634404,2.81080400819891,0.3041762142804,14
"2C_D_3","Cellulose","2","2C","D",3,"run1",3.46410161513775,1.13313846900329,2.42537416494106,0.258782282012226,12
"2C_D_4","Cellulose","2","2C","D",4,"run2",5,1.02268216644749,2.09672851314413,0.111225716721675,25
"2C_D_6","Cellulose","2","2C","D",6,"run2",5.29150262212918,1.59018150108069,3.21548856378356,0.175165680172594,28
"2C_D_7","Cellulose","2","2C","D",7,"run2",5.3851648071345,1.67298935846779,3.76500492128328,0.183726604486344,29
"2C_E_1","Cellulose","2","2C","E",1,"run1",4.12310562561766,1.513074971399,2.88510419082144,0.267098340301583,17
"2C_E_2","Cellulose","2","2C","E",2,"run1",3.74165738677394,1.22825374802641,2.52977968570902,0.243947172911897,14
"2C_E_3","Cellulose","2","2C","E",3,"run2",5.91607978309962,1.0746039640076,2.14302214905879,0.0836809356466835,35
"2C_E_6","Cellulose","2","2C","E",6,"run2",5.19615242270663,1.26859439418439,2.25835060900302,0.131698182343531,27
"2C_E_7","Cellulose","2","2C","E",7,"run2",4.79583152331272,1.17940039358375,2.01164175155764,0.141409714962561,23
"2G_A_1","Glucose","2","2G","A",1,"run1",3.3166247903554,0.691288277155961,1.62715847330267,0.181480513324885,11
"2G_A_2","Glucose","2","2G","A",2,"run1",3.74165738677394,1.10688695486404,2.08273931038027,0.216066213400671,14
"2G_A_3","Glucose","2","2G","A",3,"run2",4.47213595499958,0.68587879706248,1.51575598127043,0.09927579673206,20
"2G_A_4","Glucose","2","2G","A",4,"run2",4.89897948556636,0.88737530309327,1.85915658536238,0.10119777310576,24
"2G_A_6","Glucose","2","2G","A",6,"run2",5.29150262212918,0.805803147720447,1.69618218103789,0.0799462006462096,28
"2G_A_7","Glucose","2","2G","A",7,"run2",5.29150262212918,0.768179082055444,1.56403436725444,0.0769941812535363,28
"2G_B_1","Glucose","2","2G","B",1,"run1",3.46410161513775,0.860102603703625,1.9285819424511,0.19695026459873,12
"2G_B_3","Glucose","2","2G","B",3,"run2",4.35889894354067,0.711716059139391,1.5743943334508,0.107236037082009,19
"2G_B_4","Glucose","2","2G","B",4,"run2",4.79583152331272,0.901108531628112,1.78746702910088,0.10705787699083,23
"2G_B_6","Glucose","2","2G","B",6,"run2",5.29150262212918,0.792837776267366,1.70015261770397,0.0789163590245481,28
"2G_B_7","Glucose","2","2G","B",7,"run2",5,0.864160140999248,1.78242473278741,0.0949204901250158,25
"2G_C_2","Glucose","2","2G","C",2,"run2",4.35889894354067,0.760206302185383,1.69614375033115,0.112564073529492,19
"2G_C_3","Glucose","2","2G","C",3,"run2",4.35889894354067,0.663275610030146,1.53275797109826,0.102165281616622,19
"2G_C_4","Glucose","2","2G","C",4,"run2",4.35889894354067,0.77433646836226,1.69600272150287,0.114165913071403,19
"2G_C_6","Glucose","2","2G","C",6,"run2",5,0.915833961590662,1.83387407421035,0.0999543334020171,25
"2G_C_7","Glucose","2","2G","C",7,"run2",5.47722557505166,0.764172769253513,1.58994988967484,0.0715739131840566,30
"2G_D_2","Glucose","2","2G","D",2,"run2",4.24264068711929,0.748429845602161,1.73925220595764,0.117426589331719,18
"2G_D_3","Glucose","2","2G","D",3,"run2",4.12310562561766,0.807784286516607,1.95184576011798,0.131937222381889,17
"2G_D_4","Glucose","2","2G","D",4,"run2",4.35889894354067,0.841049239494424,2.00236346693404,0.122042035578476,19
"2G_D_5","Glucose","2","2G","D",5,"run2",5.09901951359279,0.981269733756965,2.01958973515098,0.102609290027808,26
"2G_D_6","Glucose","2","2G","D",6,"run2",5.3851648071345,0.803538459248407,1.74147793242799,0.0770148228786151,29
"2G_D_7","Glucose","2","2G","D",7,"run2",4.89897948556636,0.877897271755181,1.99337507954358,0.100243148567956,24
"2G_E_2","Glucose","2","2G","E",2,"run2",4.47213595499958,0.771480139295843,1.75406005475442,0.108148268783797,20
"2G_E_3","Glucose","2","2G","E",3,"run1",3.16227766016838,0.835099568987424,1.82981670096411,0.230504354771332,10
"2G_E_4","Glucose","2","2G","E",4,"run2",4.89897948556636,0.946491827904157,1.94576980612971,0.107360601573581,24
"2G_E_5","Glucose","2","2G","E",5,"run2",5,0.960866046383129,1.91841863264085,0.104558372136968,25
"2G_E_6","Glucose","2","2G","E",6,"run2",5.19615242270663,0.907430141617232,1.98025049527991,0.0917757915822581,27
"2G_E_7","Glucose","2","2G","E",7,"run2",5,0.894466653593185,2.02188567383465,0.0978412343893382,25
"3C_A_1","Cellulose","3","3C","A",1,"run2",5.91607978309962,1.20296586019087,2.05014118773365,0.0951422440631482,35
"3C_A_2","Cellulose","3","3C","A",2,"run2",6,1.32819513462917,2.32321231936135,0.104839590778826,36
"3C_A_3","Cellulose","3","3C","A",3,"run2",5.8309518948453,1.3121170904642,2.3954079550482,0.10923612731671,34
"3C_A_4","Cellulose","3","3C","A",4,"run2",5.91607978309962,1.73479244935872,3.78788477656876,0.161935752465613,35
"3C_A_5","Cellulose","3","3C","A",5,"run2",5.8309518948453,1.76683942906662,3.78588938165626,0.172127276606364,34
"3C_A_6","Cellulose","3","3C","A",6,"run2",6.08276253029822,1.80075764328041,4.36279000361516,0.163627910160032,37
"3C_A_7","Cellulose","3","3C","A",7,"run1",3.46410161513775,1.70348738412212,4.15067677805722,0.457755872861063,12
"3C_B_1","Cellulose","3","3C","B",1,"run2",5.3851648071345,1.30500525809867,2.42135342426974,0.127162361516866,29
"3C_B_2","Cellulose","3","3C","B",2,"run2",5.91607978309962,1.37734661875608,2.46844054405695,0.113267676520419,35
"3C_B_3","Cellulose","3","3C","B",3,"run2",6.2449979983984,1.50901873566648,3.00876276264762,0.115956180858315,39
"3C_B_4","Cellulose","3","3C","B",4,"run2",5.91607978309962,1.95026027228146,5.10116906003691,0.200871919749421,35
"3C_B_5","Cellulose","3","3C","B",5,"run2",5.56776436283002,1.78087697271543,4.0778442409809,0.191453516832703,31
"3C_B_6","Cellulose","3","3C","B",6,"run2",5.74456264653803,1.86253818017753,4.78699141429478,0.195153396433146,33
"3C_B_7","Cellulose","3","3C","B",7,"run1",3.74165738677394,1.81076359198767,4.63930850783544,0.436793935914433,14
"3C_C_1","Cellulose","3","3C","C",1,"run2",6,1.24120090270179,2.14202805783147,0.0961046059192497,36
"3C_C_2","Cellulose","3","3C","C",2,"run2",5.74456264653803,1.22317386598782,2.00485062066252,0.102968342179336,33
"3C_C_3","Cellulose","3","3C","C",3,"run2",5.19615242270663,1.05114170237577,1.85640499216086,0.105959835862758,27
"3C_C_4","Cellulose","3","3C","C",4,"run2",6.32455532033676,1.59931355959729,2.87434343210722,0.12374084073729,40
"3C_C_5","Cellulose","3","3C","C",5,"run2",5.47722557505166,1.60781727126125,3.0422879455366,0.166396778559485,30
"3C_C_6","Cellulose","3","3C","C",6,"run2",6,1.99220592512877,5.05560311804609,0.203658030395595,36
"3C_C_7","Cellulose","3","3C","C",7,"run1",4.12310562561766,1.8490921795163,4.51635079802948,0.373767562826958,17
"3C_D_1","Cellulose","3","3C","D",1,"run2",5.74456264653803,1.25839595961266,2.16167633545144,0.106659730359153,33
"3C_D_2","Cellulose","3","3C","D",2,"run2",5.3851648071345,1.32415066545724,2.28214079468428,0.129620391641372,29
"3C_D_3","Cellulose","3","3C","D",3,"run2",5.65685424949238,1.13578009753853,2.00744040569618,0.0973000471446813,32
"3C_D_4","Cellulose","3","3C","D",4,"run2",5.91607978309962,1.71551346438531,3.56397734001314,0.15884369714171,35
"3C_D_5","Cellulose","3","3C","D",5,"run2",6.2449979983984,1.75705157554096,3.52877834721168,0.148598079522325,39
"3C_D_6","Cellulose","3","3C","D",6,"run2",5.56776436283002,1.76095401850858,4.09258732947861,0.187676942361191,31
"3C_D_7","Cellulose","3","3C","D",7,"run1",3.74165738677394,1.69700347223635,4.1549508827833,0.389826364831278,14
"3C_E_2","Cellulose","3","3C","E",2,"run2",5.65685424949238,1.44248038122657,2.7890524467455,0.132224304558747,32
"3C_E_3","Cellulose","3","3C","E",3,"run2",4.89897948556636,1.17844602661999,2.204145595497,0.135388371640031,24
"3C_E_4","Cellulose","3","3C","E",4,"run2",5.8309518948453,1.45674176204458,2.60458840010993,0.12623389761917,34
"3C_E_5","Cellulose","3","3C","E",5,"run2",6.6332495807108,1.63394947422014,3.27636218716065,0.116456186332271,44
"3C_E_6","Cellulose","3","3C","E",6,"run1",3.87298334620742,1.68961140541852,3.66721681585073,0.361158342228541,15
"3C_E_7","Cellulose","3","3C","E",7,"run1",3.74165738677394,1.57463714855552,3.279914376498,0.344927792464881,14
"3G_A_1","Glucose","3","3G","A",1,"run2",4.47213595499958,0.74402289350717,1.89945098947031,0.105219211129965,20
"3G_A_2","Glucose","3","3G","A",2,"run2",4.58257569495584,0.606375984748411,1.48148302138208,0.0873225580179599,21
"3G_A_3","Glucose","3","3G","A",3,"run2",4.12310562561766,0.769158800072581,1.84963650947297,0.126938248382281,17
"3G_A_4","Glucose","3","3G","A",4,"run2",4.89897948556636,0.640839682130371,1.51675322666321,0.0790864162153847,24
"3G_A_5","Glucose","3","3G","A",5,"run2",4.47213595499958,0.567921279171665,1.45225922559227,0.0882297567824996,20
"3G_A_6","Glucose","3","3G","A",6,"run2",5.65685424949238,0.735422808148751,1.72214914514718,0.0651988730537252,32
"3G_A_7","Glucose","3","3G","A",7,"run2",3.60555127546399,0.658613447209729,1.52776672557198,0.14862396166767,13
"3G_B_1","Glucose","3","3G","B",1,"run2",5,0.726088029391271,1.80965394998557,0.0826791524261691,25
"3G_B_3","Glucose","3","3G","B",3,"run2",4.12310562561766,0.76402027704061,1.85823117989218,0.126287646267869,17
"3G_B_4","Glucose","3","3G","B",4,"run2",5,0.650052627580921,1.49248522449173,0.0766256656778652,25
"3G_B_5","Glucose","3","3G","B",5,"run2",4.24264068711929,0.592751115621724,1.413384637042,0.100497679402253,18
"3G_B_6","Glucose","3","3G","B",6,"run2",3.87298334620742,0.898992564694754,1.79712495883899,0.163808431192285,15
"3G_B_7","Glucose","3","3G","B",7,"run1",3,0.577488426583838,1.44320249394296,0.197950921395578,9
"3G_C_2","Glucose","3","3G","C",2,"run2",4.24264068711929,0.674456642329147,1.61025129400686,0.109053671859011,18
"3G_C_3","Glucose","3","3G","C",3,"run2",4.69041575982343,0.759327082007631,1.84170434939918,0.0971289918169302,22
"3G_C_4","Glucose","3","3G","C",4,"run2",4.47213595499958,0.786226019197491,1.68897776861119,0.109754826106679,20
"3G_C_5","Glucose","3","3G","C",5,"run2",5.3851648071345,0.624033665627175,1.48067783996636,0.0643600510052337,29
"3G_C_6","Glucose","3","3G","C",6,"run2",5.56776436283002,0.745378341992391,1.72602642691546,0.0679754368067718,31
"3G_C_7","Glucose","3","3G","C",7,"run1",2.82842712474619,0.685999224918581,1.63664342690637,0.24821938255836,8
"3G_D_1","Glucose","3","3G","D",1,"run2",4.47213595499958,0.78889711519795,1.97437287573034,0.110048383669401,20
"3G_D_2","Glucose","3","3G","D",2,"run2",4.79583152331272,0.725327399880696,1.7260228470733,0.0898003131893187,23
"3G_D_3","Glucose","3","3G","D",3,"run2",4.58257569495584,0.772131264419611,1.91960033753947,0.103065437875384,21
"3G_D_4","Glucose","3","3G","D",4,"run2",4.79583152331272,0.704248546872137,1.52060150827984,0.0879272360987932,23
"3G_D_5","Glucose","3","3G","D",5,"run2",5,0.628410840818757,1.48176293810972,0.0749851650720895,25
"3G_D_6","Glucose","3","3G","D",6,"run2",4.58257569495584,0.712761447565545,1.67473499344496,0.0971245610092446,21
"3G_D_7","Glucose","3","3G","D",7,"run1",2.82842712474619,0.611007659478286,1.54440759104647,0.230285857700638,8
"3G_E_1","Glucose","3","3G","E",1,"run2",4.47213595499958,0.804064665358389,1.99085367322368,0.111730270859243,20
"3G_E_2","Glucose","3","3G","E",2,"run2",5.3851648071345,0.776284186872952,1.81869629421741,0.0749441849540284,29
"3G_E_3","Glucose","3","3G","E",3,"run2",4.69041575982343,0.8136174290763,2.00568464570713,0.10254792545312,22
"3G_E_4","Glucose","3","3G","E",4,"run2",5,0.707116036091907,1.48018065428647,0.0811253500698617,25
"3G_E_5","Glucose","3","3G","E",5,"run2",4.58257569495584,0.666189859769744,1.47200002475016,0.0927050271142364,21
"3G_E_6","Glucose","3","3G","E",6,"run2",5.29150262212918,0.763537516874405,1.73316470526493,0.0766376358471806,28
"5C_A_1","Cellulose","5","5C","A",1,"run1",3.74165738677394,1.35810552370112,2.63126653456838,0.277772788808115,14
"5C_A_2","Cellulose","5","5C","A",2,"run1",4,1.09991662479734,2.06960754905134,0.187744722589793,16
"5C_A_3","Cellulose","5","5C","A",3,"run1",3,0.90182354568762,1.93441519168305,0.273788044641422,9
"5C_A_4","Cellulose","5","5C","A",4,"run1",3.3166247903554,1.04180279080894,2.02391467873406,0.2576656455546,11
"5C_A_5","Cellulose","5","5C","A",5,"run1",3.46410161513775,1.17702969160423,2.31522461561713,0.270393504158658,12
"5C_A_6","Cellulose","5","5C","A",6,"run1",3,0.672009906914999,1.38100421351445,0.217574345075288,9
"5C_A_7","Cellulose","5","5C","A",7,"run1",3.74165738677394,1.76086778425095,4.20997874795015,0.415534537513775,14
"5C_B_2","Cellulose","5","5C","B",2,"run1",3.46410161513775,1.11344002662223,2.21101288284856,0.253734553555722,12
"5C_B_3","Cellulose","5","5C","B",3,"run1",3.60555127546399,1.2381194643637,2.5158005043967,0.26531701283915,13
"5C_B_4","Cellulose","5","5C","B",4,"run1",3.3166247903554,0.856286531859857,1.69295580500244,0.214036495038193,11
"5C_B_5","Cellulose","5","5C","B",5,"run1",3.46410161513775,1.14933742497648,2.26539614032263,0.263008421918964,12
"5C_B_6","Cellulose","5","5C","B",6,"run1",2.44948974278318,0.94383318672052,1.92075037944417,0.428302189412354,6
"5C_B_7","Cellulose","5","5C","B",7,"run1",3.3166247903554,1.68407691692989,3.7648608310208,0.489770504444259,11
"5C_C_1","Cellulose","5","5C","C",1,"run1",3.3166247903554,1.20050060482152,2.4010722408476,0.301979945942252,11
"5C_C_2","Cellulose","5","5C","C",2,"run1",3.60555127546399,1.117124613875,2.04573911834023,0.235081093982857,13
"5C_C_3","Cellulose","5","5C","C",3,"run1",3.87298334620742,1.26667349531591,2.35624139394113,0.236601803289628,15
"5C_C_4","Cellulose","5","5C","C",4,"run1",4.69041575982343,1.82239285714958,4.33169611869616,0.281211114041363,22
"5C_C_5","Cellulose","5","5C","C",5,"run1",4.12310562561766,1.63860707786291,3.55096749925065,0.302823162428943,17
"5C_C_6","Cellulose","5","5C","C",6,"run1",3.16227766016838,0.912768442659995,1.67833354993056,0.249120976692419,10
"5C_C_7","Cellulose","5","5C","C",7,"run1",3.60555127546399,1.96729967248426,5.24646872996134,0.550103033327673,13
"5C_D_1","Cellulose","5","5C","D",1,"run1",3,1.09695763056672,2.43005637067282,0.332782236696865,9
"5C_D_2","Cellulose","5","5C","D",2,"run1",4,1.31736574718417,2.8274714333041,0.233348327243685,16
"5C_D_3","Cellulose","5","5C","D",3,"run1",3.3166247903554,1.23507519203014,2.70807552871538,0.312603369916978,11
"5C_D_4","Cellulose","5","5C","D",4,"run1",3.74165738677394,0.852002375241097,1.57580056359975,0.167452599743013,14
"5C_D_5","Cellulose","5","5C","D",5,"run1",4,1.28191853637425,2.62917967128075,0.225221664572876,16
"5C_D_6","Cellulose","5","5C","D",6,"run1",2.64575131106459,0.706693542944892,1.45621869684403,0.289611008588731,7
"5C_D_7","Cellulose","5","5C","D",7,"run1",3.60555127546399,1.77044589099542,4.58391245575553,0.451805515825889,13
"5C_E_1","Cellulose","5","5C","E",1,"run1",3.46410161513775,1.36718310277175,2.78784350985479,0.327023401306744,12
"5C_E_2","Cellulose","5","5C","E",2,"run1",3.87298334620742,1.05456756778091,1.89826807486251,0.191382232519996,15
"5C_E_3","Cellulose","5","5C","E",3,"run1",3.60555127546399,1.13902892466786,2.23326586515384,0.240287193179365,13
"5C_E_4","Cellulose","5","5C","E",4,"run1",3.60555127546399,0.875061572159819,1.70340582088563,0.184540230957493,13
"5C_E_5","Cellulose","5","5C","E",5,"run1",3.87298334620742,1.50080258020504,3.1005018810477,0.299019161937577,15
"5C_E_6","Cellulose","5","5C","E",6,"run1",3.16227766016838,0.901770517553134,1.71881764235225,0.246396173901397,10
"5C_E_7","Cellulose","5","5C","E",7,"run1",3.74165738677394,1.75433911402705,3.78546068014761,0.412830486086402,14
"5G_A_1","Glucose","5","5G","A",1,"run1",2.44948974278318,0.643269240410746,1.72856953754599,0.317115179502877,6
"5G_A_2","Glucose","5","5G","A",2,"run1",2.64575131106459,0.775851549412164,2.04695700852079,0.310348754406358,7
"5G_A_3","Glucose","5","5G","A",3,"run1",2.23606797749979,0.625418460113913,1.70114195974512,0.373805581488885,5
"5G_A_4","Glucose","5","5G","A",4,"run1",2.23606797749979,0.689881468831618,1.78681590711837,0.398695845963289,5
"5G_A_5","Glucose","5","5G","A",5,"run1",2.23606797749979,0.664055624515617,1.77448407844859,0.388531011795621,5
"5G_A_6","Glucose","5","5G","A",6,"run1",2.44948974278318,0.717975990545156,1.83524706102919,0.341713203945626,6
"5G_A_7","Glucose","5","5G","A",7,"run1",2.23606797749979,0.646021303747816,1.69850446442052,0.381586923067479,5
"5G_B_1","Glucose","5","5G","B",1,"run1",2.23606797749979,0.663963672975881,1.80934951132562,0.388495287413332,5
"5G_B_2","Glucose","5","5G","B",2,"run1",2.44948974278318,0.732494263413887,2.00333679289811,0.346710477597691,6
"5G_B_3","Glucose","5","5G","B",3,"run1",2.23606797749979,0.630524559394281,1.68480297930531,0.375719151180347,5
"5G_B_4","Glucose","5","5G","B",4,"run1",2,0.653394569700136,1.76552647944735,0.480513578714413,4
"5G_B_5","Glucose","5","5G","B",5,"run1",2.44948974278318,0.68332737760003,1.78818959101436,0.330076084624551,6
"5G_B_6","Glucose","5","5G","B",6,"run1",2.23606797749979,0.644682131792632,1.68108493155139,0.381076254574423,5
"5G_B_7","Glucose","5","5G","B",7,"run1",2.64575131106459,0.71381024174324,1.81532737941412,0.291679434357107,7
"5G_C_1","Glucose","5","5G","C",1,"run1",2.44948974278318,0.698851523486557,1.8655283876513,0.335240214556999,6
"5G_C_2","Glucose","5","5G","C",2,"run1",2.23606797749979,0.726167233951843,2.01171379327683,0.413428506257253,5
"5G_C_3","Glucose","5","5G","C",3,"run1",2,0.591474147927588,1.62045448522521,0.451662430569969,4
"5G_C_4","Glucose","5","5G","C",4,"run1",2.23606797749979,0.624537547893556,1.66254110754216,0.373476436579285,5
"5G_C_5","Glucose","5","5G","C",5,"run1",2.44948974278318,0.625969105476038,1.66173806111413,0.311676227066604,6
"5G_C_6","Glucose","5","5G","C",6,"run1",2.82842712474619,0.628795693271376,1.57339434061576,0.234418840158029,8
"5G_C_7","Glucose","5","5G","C",7,"run1",2.23606797749979,0.659700633018052,1.75179532377846,0.38684264163003,5
"5G_D_1","Glucose","5","5G","D",1,"run1",2.23606797749979,0.659988352742808,1.79118593849004,0.386953959901867,5
"5G_D_2","Glucose","5","5G","D",2,"run1",2.64575131106459,0.77456887904778,2.04467378894824,0.309950934446937,7
"5G_D_3","Glucose","5","5G","D",3,"run1",2.23606797749979,0.543626780619956,1.52255318498888,0.344448348410571,5
"5G_D_4","Glucose","5","5G","D",4,"run1",2.23606797749979,0.613968965700005,1.65282061882794,0.369550104589001,5
"5G_D_5","Glucose","5","5G","D",5,"run1",2.23606797749979,0.620173021073939,1.66337836208657,0.371849940679766,5
"5G_D_6","Glucose","5","5G","D",6,"run1",2,0.621937794358264,1.6765550496329,0.465633438638705,4
"5G_D_7","Glucose","5","5G","D",7,"run1",2.23606797749979,0.661507796266479,1.72269546090095,0.387542361498492,5
"5G_E_1","Glucose","5","5G","E",1,"run1",2.64575131106459,0.618106951484486,1.62386010967423,0.265058904233298,7
"5G_E_2","Glucose","5","5G","E",2,"run1",2.44948974278318,0.726108939910361,1.98580552933934,0.344503672117667,6
"5G_E_3","Glucose","5","5G","E",3,"run1",2.23606797749979,0.624639450687276,1.66584792230065,0.37351449681075,5
"5G_E_4","Glucose","5","5G","E",4,"run1",2.23606797749979,0.657491978881454,1.74489522340959,0.385989182873929,5
"5G_E_5","Glucose","5","5G","E",5,"run1",2.44948974278318,0.65760467817317,1.72238044067541,0.321693905027326,6
"5G_E_6","Glucose","5","5G","E",6,"run1",2.44948974278318,0.601415983126993,1.5839146350535,0.304116786235218,6
"5G_E_7","Glucose","5","5G","E",7,"run1",2.82842712474619,0.736178149475735,1.83155707233555,0.260992556243995,8
"7C_A_1","Cellulose","7","7C","A",1,"run1",3.46410161513775,1.18837355324466,2.38357893556053,0.273478274180699,12
"7C_A_2","Cellulose","7","7C","A",2,"run1",3.46410161513775,1.31280011095335,2.66612822543193,0.309713829394992,12
"7C_A_3","Cellulose","7","7C","A",3,"run2",5.47722557505166,1.40073447319208,2.89983639693611,0.135272649885575,30
"7C_A_4","Cellulose","7","7C","A",4,"run2",5.09901951359279,1.31080991580063,2.60847593256333,0.142660639105591,26
"7C_A_5","Cellulose","7","7C","A",5,"run2",5.3851648071345,1.31567994320981,2.73992251184343,0.128527050538125,29
"7C_A_6","Cellulose","7","7C","A",6,"run2",5,1.27754080004993,2.65959113476106,0.143512229442444,25
"7C_A_7","Cellulose","7","7C","A",7,"run2",5.3851648071345,1.28551606971872,2.65963237833413,0.124708064114475,29
"7C_B_1","Cellulose","7","7C","B",1,"run1",3.46410161513775,1.26187436908795,2.68206224627151,0.294336302096213,12
"7C_B_2","Cellulose","7","7C","B",2,"run2",4.89897948556636,1.19033540122366,2.50360249590411,0.137007661806309,24
"7C_B_3","Cellulose","7","7C","B",3,"run2",5.3851648071345,1.19746097738186,2.521464283203,0.114196474603987,29
"7C_B_4","Cellulose","7","7C","B",4,"run2",5,1.24397539809843,2.58968872823956,0.138775129842966,25
"7C_B_5","Cellulose","7","7C","B",5,"run2",5.29150262212918,1.16382085498026,2.39238305304987,0.114362316537713,28
"7C_B_6","Cellulose","7","7C","B",6,"run2",4.79583152331272,1.09887061206897,2.31117665936974,0.130468481317725,23
"7C_B_7","Cellulose","7","7C","B",7,"run2",4.89897948556636,1.30256340536603,2.42551619680463,0.153279776177285,24
"7C_C_1","Cellulose","7","7C","C",1,"run1",4,1.56187752603569,3.33118390668964,0.297985278052909,16
"7C_C_2","Cellulose","7","7C","C",2,"run2",5.74456264653803,1.49151085440644,3.0835891558122,0.134660739124505,33
"7C_C_3","Cellulose","7","7C","C",3,"run2",5.29150262212918,1.52318989260548,3.15816792028882,0.163815478192181,28
"7C_C_4","Cellulose","7","7C","C",4,"run2",5,1.11379195845075,2.39771594219053,0.121835455937391,25
"7C_C_5","Cellulose","7","7C","C",5,"run2",5.09901951359279,1.29374284768002,2.65355605407414,0.140246499998034,26
"7C_C_6","Cellulose","7","7C","C",6,"run2",4.69041575982343,1.07960929100955,2.32110651386298,0.133796784682704,22
"7C_C_7","Cellulose","7","7C","C",7,"run2",5.19615242270663,1.64420974310451,3.45497904459521,0.191737673907542,27
"7C_D_1","Cellulose","7","7C","D",1,"run1",3.74165738677394,1.39421893573118,2.85866079900188,0.287987444902762,14
"7C_D_2","Cellulose","7","7C","D",2,"run2",6.08276253029822,1.45073698258826,2.90595995873021,0.115304257144968,37
"7C_D_3","Cellulose","7","7C","D",3,"run2",7.07106781186547,1.29177302099427,2.5184742152523,0.072784665519604,50
"7C_D_4","Cellulose","7","7C","D",4,"run2",5.09901951359279,1.24933305513857,2.62415484545272,0.1341544564334,26
"7C_D_5","Cellulose","7","7C","D",5,"run2",5.19615242270663,1.25211062109426,2.43478492845775,0.129545093654045,27
"7C_D_6","Cellulose","7","7C","D",6,"run2",5,1.16713633854766,2.46117792347066,0.128511165635008,25
"7C_D_7","Cellulose","7","7C","D",7,"run2",5.19615242270663,1.43193941173798,2.57276995787737,0.15506708422135,27
"7C_E_1","Cellulose","7","7C","E",1,"run1",3.16227766016838,1.32560941086343,2.82745565273424,0.376447877037064,10
"7C_E_2","Cellulose","7","7C","E",2,"run2",5.29150262212918,1.46178103247758,2.96107451372012,0.154058407699483,28
"7C_E_3","Cellulose","7","7C","E",3,"run2",5.29150262212918,1.23246202572717,2.56907931320062,0.122487966748348,28
"7C_E_5","Cellulose","7","7C","E",5,"run2",4.89897948556636,1.11291748197613,2.39308961914473,0.126801000279338,24
"7C_E_6","Cellulose","7","7C","E",6,"run2",4.89897948556636,1.02072840171007,2.28227042599495,0.115633979151543,24
"7C_E_7","Cellulose","7","7C","E",7,"run2",5.19615242270663,1.17733536079212,2.27436628784367,0.1202116301132,27
"7G_A_1","Glucose","7","7G","A",1,"run1",2,0.614596755850903,1.65945061959098,0.462227721679748,4
"7G_A_2","Glucose","7","7G","A",2,"run1",2.64575131106459,0.637732524935203,1.63824618667068,0.270312218263113,7
"7G_A_3","Glucose","7","7G","A",3,"run2",3.60555127546399,0.542060605064333,1.45390801320144,0.132272809252441,13
"7G_A_4","Glucose","7","7G","A",4,"run2",3.46410161513775,0.709015470290027,1.75965070339939,0.169332476605996,12
"7G_A_5","Glucose","7","7G","A",5,"run2",3.46410161513775,0.532849906967087,1.43550695145289,0.141981751128226,12
"7G_A_6","Glucose","7","7G","A",6,"run2",3,0.663738305247165,1.66188824151065,0.215782079432226,9
"7G_A_7","Glucose","7","7G","A",7,"run2",3,0.71781190894024,1.78122936529917,0.227771426462923,9
"7G_B_1","Glucose","7","7G","B",1,"run1",2.23606797749979,0.516822064477656,1.42419720992188,0.335338151784059,5
"7G_B_2","Glucose","7","7G","B",2,"run1",2.23606797749979,0.743707067117883,2.00312776093511,0.420743941493967,5
"7G_B_3","Glucose","7","7G","B",3,"run2",3,0.585596010559483,1.53623317949279,0.19956234867788,9
"7G_B_4","Glucose","7","7G","B",4,"run2",3.87298334620742,0.630148791265361,1.58285458628819,0.125192664806892,15
"7G_B_5","Glucose","7","7G","B",5,"run2",3.74165738677394,0.608372745196752,1.54918046131258,0.131245641665675,14
"7G_B_6","Glucose","7","7G","B",6,"run2",3,0.641485434095606,1.63491240699526,0.211033341111928,9
"7G_B_7","Glucose","7","7G","B",7,"run2",3,0.649057920795747,1.66954336201295,0.212637454177892,9
"7G_C_2","Glucose","7","7G","C",2,"run1",1.73205080756888,0.608014016039821,1.68338822120368,0.612259986198272,3
"7G_C_3","Glucose","7","7G","C",3,"run2",3.87298334620742,0.581032703907122,1.51378801459545,0.119192255488566,15
"7G_C_4","Glucose","7","7G","C",4,"run2",3.60555127546399,0.617811051428919,1.58555142091037,0.142681799556974,13
"7G_C_5","Glucose","7","7G","C",5,"run2",3.87298334620742,0.698292225204449,1.72522161831957,0.134021107082056,15
"7G_C_6","Glucose","7","7G","C",6,"run2",3.16227766016838,0.617157712522667,1.59762618301631,0.185365193560904,10
"7G_C_7","Glucose","7","7G","C",7,"run2",3,0.670530158524617,1.72935709687724,0.217252627877332,9
"7G_D_2","Glucose","7","7G","D",2,"run1",2.44948974278318,0.786045115228734,2.06361513974008,0.365783242729566,6
"7G_D_3","Glucose","7","7G","D",3,"run2",3.74165738677394,0.601531677545625,1.53641418738804,0.130350845522318,14
"7G_D_4","Glucose","7","7G","D",4,"run2",3.87298334620742,0.705999631497962,1.69807880510393,0.135058053155357,15
"7G_D_5","Glucose","7","7G","D",5,"run2",3.16227766016838,0.490048971815476,1.36640297173675,0.163239615940148,10
"7G_D_6","Glucose","7","7G","D",6,"run2",3.16227766016838,0.509598152978534,1.39405156318194,0.166462213707778,10
"7G_D_7","Glucose","7","7G","D",7,"run2",3.3166247903554,0.733146270389188,1.82106210187876,0.189238150341325,11
"7G_E_1","Glucose","7","7G","E",1,"run1",1.73205080756888,0.721169308607113,2.01411210366006,0.685612294040944,3
"7G_E_2","Glucose","7","7G","E",2,"run1",2,0.592793340083954,1.61945051293997,0.452258653285402,4
"7G_E_3","Glucose","7","7G","E",3,"run2",3.3166247903554,0.499895359185014,1.39423470720204,0.149868068744442,11
"7G_E_4","Glucose","7","7G","E",4,"run2",3.46410161513775,0.617534686294977,1.58310734573291,0.154529237124903,12
"7G_E_5","Glucose","7","7G","E",5,"run2",3.46410161513775,0.581679621877655,1.52343152649765,0.149086735058898,12
"7G_E_6","Glucose","7","7G","E",6,"run2",3,0.70967558809761,1.77400750954736,0.225925723854808,9
"7G_E_7","Glucose","7","7G","E",7,"run2",3.16227766016838,0.661619492780475,1.70712228467664,0.193792825523449,10
