,Pseudomonas.1,Asticcacaulis,Cellvibrio,Pseudomonas.2,Cohnella,Lacunisphaera,Taibaiella,Achromobacter,Leadbetterella,Bordetella,Shinella,Xylophilus,Methylophilus,Stenotrophomonas,Pleomorphomonas
1C_A_1,0.034813465,0.762443656,0.014289824,0.06252997,0.008823247,0,0,0.044499856,0.001246763,0.00335667,0.01419392,0.003068956,0.023304882,0,0
1C_A_2,0.017299737,0.78666792,0.011658518,0.052275291,0.004795036,0,0,0.062053404,0.00611132,0.004324934,0.013726965,0.003290711,0.013915006,0,0
1C_A_5,0.003992016,0.794268606,0.082264043,0.040419162,0.005916738,0,0.00035643,0.024023382,0.007912746,0.003065298,0.008768178,0.000641574,0.0106929,0,0
1C_A_6,0.010397554,0.479714577,0.42069317,0.022629969,0.002446483,0,0,0.018450561,0.011009174,0.003873598,0.006320082,0.002650357,0.003363914,0,0
1C_A_7,0.00719252,0.664109326,0.256053704,0.01822105,0.002157756,0,0,0.013905538,0.014864541,0,0.005274515,0.000959003,0.00743227,0,0
1C_B_1,0.023450003,0.792150859,0.020457867,0.075151346,0.00744555,0,0,0.028042586,0.001113353,0.003479229,0.009393918,0.002644214,0.017813652,0,0
1C_B_2,0.014362009,0.778651848,0.014145497,0.087182448,0.008155312,0.000360855,0,0.045323326,0.004546767,0.003103349,0.007866628,0.002020785,0.014145497,0,0
1C_B_4,0.017720024,0.782831266,0.064185863,0.04410317,0.008072455,0.001181335,0,0.034258712,0.006103564,0,0.014176019,0,0.00689112,0,0
1C_B_5,0.006509609,0.795515602,0.072638975,0.0472205,0.005166357,0.000516636,0.000826617,0.03244472,0.007542881,0,0.006096301,0.001343253,0.009506096,0,0
1C_B_7,0.007341975,0.556269359,0.313295859,0.028335437,0.002982678,0,0,0.024664449,0.016404726,0.00630951,0.006653665,0.002638522,0.004359298,0,0
1C_C_1,0.026524622,0.746168062,0.037938906,0.065333188,0.014566801,0.00043483,0,0.043156865,0.001413197,0.004239591,0.012827481,0.002174149,0.023045983,0,0
1C_C_2,0.008697482,0.800799607,0.018657502,0.059269131,0.005470997,0,0,0.042575577,0.005611279,0.00357719,0.015080311,0.004348741,0.013817774,0,0
1C_C_4,0.016624258,0.801865988,0.06293469,0.023240034,0.006276506,0.001187447,0,0.034096692,0.006785411,0,0.017302799,0.003053435,0.010687023,0,0
1C_C_6,0.006432211,0.480661599,0.411745051,0.022638042,0.003007268,0,0,0.020967338,0.013699774,0.00609807,0.007016958,0.002338986,0.003592014,0,0
1C_C_7,0.00352841,0.525611388,0.404307093,0.011436914,0.00352841,0,0,0.009855214,0.020683781,0,0.005596788,0.00170337,0.004258426,0,0
1C_D_1,0.009307359,0.804545455,0.025974026,0.069480519,0.011580087,0,0,0.035064935,0.001298701,0,0.009090909,0.003354978,0.016341991,0,0
1C_D_2,0.004266153,0.782357394,0.021261956,0.082845937,0.006674465,0.000412854,0,0.043624854,0.005229478,0.004334962,0.008669924,0.004197344,0.015688433,0,0
1C_D_3,0.015121815,0.779893587,0.033604032,0.074768972,0.008120975,0,0,0.036964436,0.006160739,0,0.011201344,0.002240269,0.015401848,0,0
1C_D_4,0.008202484,0.808999297,0.039606281,0.046636981,0.010780408,0.000937427,0,0.03116944,0.007499414,0,0.007968127,0,0.011249121,0,0
1C_D_5,0.003601441,0.754401761,0.116846739,0.046318527,0.007603041,0,0,0.020208083,0.011304522,0.006402561,0.006002401,0.00090036,0.010004002,0,0
1C_D_6,0.004753915,0.571728188,0.321728188,0.029362416,0.003914989,0,0,0.021252796,0.009368009,0.005592841,0.006431767,0.003215884,0.0026566,0,0
1C_E_1,0.036275478,0.773637425,0.033222591,0.059082338,0.018856065,0,0,0.030708449,0.001346862,0.003950795,0.006913891,0.002693724,0.017598994,0,0
1C_E_2,0.017375519,0.830523859,0.028786307,0.040067427,0.009595436,0.00064834,0,0.025803942,0.005835062,0.003890041,0.007002075,0.002852697,0.01063278,0,0
1C_E_3,0.05517303,0.717159975,0.016274703,0.068675668,0.010998838,0.000447107,0,0.05821336,0.005991237,0.009120987,0.005633551,0.003934544,0.012787266,0,0
1C_E_4,0.061919181,0.679857993,0.024329122,0.054087919,0.013783022,0.00031325,0,0.068810692,0.004489924,0.017437611,0.011381435,0.00198392,0.013156521,0,0
1C_E_5,0.023819387,0.688483844,0.077775476,0.068661972,0.012841756,0.000621375,0,0.047742336,0.008492129,0.010874068,0.006938691,0.001449876,0.008906379,0,0
1C_E_6,0.011533493,0.643476656,0.228178631,0.030356154,0.004705665,0,0,0.024543274,0.010426278,0.007381436,0.005443809,0.003782986,0.004428861,0,0
1G_A_2,0.497238192,0.001239995,0,0.344267839,0.142712208,0,0.000450907,0,0,0.011272686,0,0,0,0,0
1G_A_4,0.392592593,0.001058201,0,0.455026455,0.142269253,0,0,0,0,0.005761317,0,0,0,0,0
1G_A_5,0.3735363,0.006245121,0,0.463700234,0.12607338,0,0,0,0,0.014832162,0,0,0,0,0
1G_A_6,0.693909298,0.001794902,0.00023932,0.056359938,0.163216465,0.000478641,0.032906545,0,0,0.02165849,0,0.001555582,0.000478641,0,0
1G_B_2,0.186336634,0.004158416,0,0.364158416,0.404950495,0,0.021980198,0,0,0.007326733,0,0,0,0,0
1G_B_4,0.198992806,0.00028777,0,0.408201439,0.374244604,0,0.003309353,0,0,0.004460432,0,0,0,0,0
1G_B_5,0.259877456,0.003169237,0,0.310585252,0.343756603,0,0.037608282,0.006127192,0,0.013522079,0,0,0,0,0
1G_B_6,0.56664717,0.002014688,0,0.09709495,0.25697017,0,0.032624943,0,0,0.019496978,0,0.001234809,0,0,0
1G_B_7,0.433438628,0.000789711,0,0.223375451,0.269404332,0,0.028655235,0,0,0.018953069,0,0.001692238,0,0,0
1G_C_4,0.178429818,0.00090631,0,0.415996375,0.358332389,0.000226578,0.022317888,0,0,0.005097995,0,0,0,0,0
1G_C_5,0.235520528,0,0.001466276,0.308651026,0.374266862,0,0.032991202,0.009347507,0,0.012096774,0,0,0.000916422,0,0
1G_C_7,0.269607251,0.001087613,0.001208459,0.309003021,0.349969789,0,0.029003021,0.00652568,0,0.010151057,0,0,0,0,0
1G_D_1,0.349200685,0.000785041,0,0.223879532,0.403225806,0,0.00520982,0,0,0.005352555,0,0.000713674,0,0,0
1G_D_2,0.43701585,0.000595877,0,0.213681325,0.306518889,0,0.026337743,0,0,0.004171136,0,0,0,0,0
1G_D_4,0.331585608,0.00216959,0.000723197,0.361598264,0.257638763,0,0.013921533,0,0,0.009763153,0,0.00198879,0,0,0
1G_D_6,0.494101695,0.005288136,0.001627119,0.190372881,0.214372881,0,0.045966102,0.004610169,0,0.013152542,0,0.002169492,0,0,0
1G_D_7,0.428550808,0.001299076,0,0.24119515,0.23080254,0,0.042580831,0.005773672,0,0.017898383,0,0.001876443,0,0,0
1G_E_1,0.360523763,0.000678952,0,0.263627546,0.352667313,0,0.006013579,0,0,0.006886518,0,0,0.000484966,0,0
1G_E_2,0.494126285,0.002202643,0,0.193979442,0.251835536,0,0.033333333,0,0,0.010279001,0,0,0,0,0
1G_E_4,0.353753541,0.002832861,0.002832861,0.364022663,0.243626062,0,0.010269122,0,0,0.006728045,0,0,0,0,0
1G_E_5,0.476643683,0.002330776,0.001456735,0.221715063,0.228901622,0,0.036029912,0.004370205,0,0.009711566,0,0,0,0,0
1G_E_6,0.650880301,0.002096815,0.000433824,0.112758035,0.127652652,0,0.044683851,0.004482846,0.000108456,0.022920357,0,0.002639095,0.000469976,0,0
2C_A_2,0.01136467,0.193472134,0.073279389,0.093372125,0.454314029,0,0.007364306,0.012637513,0.005545959,0.028820802,0.018365306,0.013092099,0.014364942,0,0
2C_B_2,0.011786276,0.522132006,0.321634364,0.041251964,0.005107386,0,0,0.039942378,0.010738607,0.011262441,0.008905186,0.001309586,0.009952855,0,0
2C_B_3,0.008664741,0.387691624,0.527882693,0.0155521,0.004221284,0,0,0.013552544,0.015329927,0,0.011108643,0,0.003776938,0,0
2C_C_1,0.051655251,0.602739726,0.10216895,0.069349315,0.010844749,0,0,0.059646119,0.003710046,0.023972603,0.026541096,0.002568493,0.028253425,0,0
2C_C_3,0.018555869,0.397068711,0.503563265,0.017749092,0.005781901,0,0,0.016001076,0.013984133,0,0.007529918,0.001748017,0.004840662,0,0
2C_D_1,0.095260833,0.594484899,0.068759699,0.068759699,0.014563686,0,0,0.066491584,0.005729975,0.022203653,0.017786797,0,0.02506864,0,0
2C_D_2,0.046349403,0.527360099,0.241357929,0.048829639,0.009455898,0,0,0.049759727,0.010075957,0.018291738,0.009145869,0,0.012711208,0,0
2C_D_3,0.029557939,0.39183887,0.499346063,0.016871567,0.00196181,0,0,0.016348417,0.015825268,0,0.00980905,0,0.003531258,0,0
2C_E_1,0.035528135,0.543027338,0.189554303,0.088394852,0.008190618,0,0,0.027231146,0.005850441,0.018615041,0.046803532,0.001808318,0.024678226,0,0
2C_E_2,0.014194139,0.510531136,0.359203297,0.038461538,0.005723443,0,0,0.021978022,0.008241758,0,0.018086081,0.000686813,0.010989011,0,0
2G_A_1,0.751330495,0.007317722,0.000532198,0.223523151,0,0,0.001330495,0,0,0.003592336,0,0.004789782,0,0,0
2G_A_2,0.650985378,0.018330155,0,0.229073956,0.006675143,0,0.040898495,0,0,0.014833651,0,0.008476372,0,0,0
2G_B_1,0.654033453,0.017361846,0.000846919,0.300444633,0.002964218,0,0,0,0,0.0120686,0,0.002752488,0,0,0
2G_E_3,0.691944784,0.001747335,0,0.259129827,0.00297047,0,0.018347021,0,0,0.007164075,0,0,0,0,0
3C_A_7,0,0.059459459,0.345454545,0.226535627,0.168550369,0.006633907,0.046437346,0,0.014250614,0,0.005896806,0.025552826,0,0,0
3C_B_7,0.004783417,0.093010896,0.133138453,0.326866862,0.23013553,0.005580654,0.08291257,0,0.017804943,0,0.004783417,0.020196652,0,0,0
3C_C_7,0.004604944,0.080950073,0.361366941,0.149054775,0.1095492,0.003877848,0.120940378,0,0.019146873,0,0.006543868,0.025933107,0.001696558,0,0
3C_D_7,0,0.094495705,0.125357938,0.328985046,0.277123767,0.002227171,0.051543112,0,0.012726694,0,0.005090678,0.009863188,0,0,0
3C_E_6,0,0.102737158,0.439445069,0.07480315,0.146794151,0.002249719,0.100112486,0,0.025309336,0,0.006186727,0.014810649,0.001312336,0,0
3C_E_7,0,0.054112554,0.449945887,0.148268398,0.13771645,0.003246753,0,0,0.031114719,0,0.008928571,0.040313853,0,0,0
3G_B_7,0.816130852,0.001316037,0.002444068,0.16356458,0,0,0,0,0,0.002444068,0,0,0,0,0
3G_C_7,0.747834456,0,0.002887392,0.227141482,0,0,0,0,0,0,0,0,0,0,0
3G_D_7,0.777588592,0.000957752,0,0.206874534,0,0,0,0,0,0,0,0,0,0,0
5C_A_1,0.008951407,0.04859335,0.545716113,0.007672634,0.019501279,0.271099744,0.010549872,0,0.019501279,0,0.012148338,0.042519182,0.002237852,0,0
5C_A_2,0.00473427,0.032376298,0.653023824,0,0.015577276,0.229077581,0.012370189,0,0.020616982,0,0.008094075,0.015424557,0.001985339,0,0
5C_A_3,0,0.023419204,0.664064533,0.002081707,0.014571949,0.270882123,0.005724694,0,0.013010669,0,0.001301067,0.003382774,0,0,0
5C_A_4,0.002360009,0.021240077,0.658442394,0,0.018665522,0.236215404,0.018021884,0,0.021883716,0,0.005578202,0.011800043,0,0,0
5C_A_5,0.005930319,0.015567087,0.590066716,0.002718063,0.025945145,0.275265629,0.03286385,0,0.024462565,0,0.005436126,0.014084507,0.00074129,0,0
5C_A_6,0.006953498,0.018252934,0.844415472,0,0.009995654,0.061712299,0.040851804,0,0.007388092,0,0.005649718,0,0,0,0
5C_A_7,0.149027053,0.020882772,0.263407689,0.063597532,0.019458946,0.367821547,0.028476507,0,0.022781206,0,0.009492169,0.037494067,0,0,0
5C_B_2,0.002095338,0.040597171,0.614981666,0,0.014012572,0.262964903,0.025144054,0,0.019381875,0,0.005107386,0.01231011,0.000392876,0,0
5C_B_3,0.003079152,0.044557145,0.535591378,0.002716899,0.021191813,0.31715269,0.021191813,0,0.017569281,0,0.008331824,0.017569281,0.001630139,0,0
5C_B_4,0.00315742,0.01691475,0.746729815,0,0.01217862,0.171402797,0.032250789,0,0.00811908,0,0.00270636,0.00315742,0.00067659,0,0
5C_B_5,0.005782823,0.030413365,0.5982009,0,0.019918612,0.275005354,0.024630542,0,0.017776826,0,0.004069394,0.013493253,0.001285072,0,0
5C_B_6,0,0.027429103,0.689446769,0,0.012087401,0.190609019,0.071594607,0,0.006043701,0,0,0,0,0,0
5C_B_7,0.024301337,0.032806804,0.263669502,0,0.053057918,0.424463345,0.057108141,0,0.032401782,0,0.021061158,0.081409478,0,0,0
5C_C_1,0.013024602,0.278726483,0.576266281,0.003183792,0.006367583,0.06512301,0.010130246,0,0.020839363,0,0.006657019,0.01447178,0,0,0
5C_C_2,0.005716051,0.1452186,0.673258149,0.002008342,0.006797466,0.097481848,0.014212884,0.001081415,0.035532211,0,0.004634636,0.007724394,0,0,0
5C_C_3,0.008232527,0.119959677,0.61609543,0.001680108,0.014112903,0.15843414,0.015961022,0,0.035114247,0,0.006216398,0.016297043,0.001176075,0,0
5C_C_4,0.032023134,0.277498126,0.34390061,0.006640248,0.009210667,0.145764164,0.042304809,0.001499411,0.057191818,0,0.018849738,0.021205955,0.001285209,0,0
5C_C_5,0.039266691,0.10343119,0.423634337,0.019199802,0.015235972,0.2909699,0.029604856,0,0.031091292,0,0.009909575,0.022544283,0.000743218,0,0
5C_C_6,0.003874717,0.074588311,0.760736196,0,0.003228931,0.065224411,0.065547304,0,0.015175977,0,0.006780756,0,0,0,0
5C_C_7,0.06351626,0.174796748,0.325203252,0,0.017784553,0.197662602,0.041666667,0,0.050304878,0,0.023373984,0.038617886,0.00254065,0,0
5C_D_1,0.018033741,0.472949389,0.42408377,0,0,0.036649215,0.009307737,0.005235602,0.021524142,0,0,0,0.002908668,0,0
5C_D_2,0.00811359,0.340973631,0.470182556,0.001217039,0.001419878,0.10020284,0.023935091,0,0.022109533,0,0.011359026,0.003245436,0.001217039,0,0
5C_D_3,0.006729758,0.337539432,0.490431125,0.003575184,0.002313354,0.102839117,0.010515247,0,0.029863302,0,0.007570978,0.003154574,0,0,0
5C_D_4,0.006410256,0.065656566,0.787684538,0.001845377,0.004370629,0.08537296,0.022047397,0,0.016025641,0,0.003108003,0.001748252,0,0,0
5C_D_5,0.004863573,0.130656994,0.549666145,0.001154068,0.003214904,0.237738027,0.020690792,0,0.025389498,0,0.00577034,0.002143269,0,0,0
5C_D_6,0,0.065479975,0.821042594,0.002860776,0,0.054990464,0.041322314,0,0.008582327,0,0,0,0,0,0
5C_D_7,0.01285347,0.305055698,0.179091688,0,0.003427592,0.280205656,0.054413025,0,0.05655527,0,0.015424165,0.002999143,0,0,0
5C_E_1,0.009485095,0.066395664,0.498193315,0.005420054,0.011743451,0.317073171,0.01897019,0,0.023938573,0,0.004968383,0.0266486,0.004516712,0,0
5C_E_2,0.004127041,0.040014355,0.699623183,0.002332675,0.01309887,0.17154136,0.015252108,0,0.020814642,0.00053831,0.005921407,0.017405347,0.001256056,0,0
5C_E_3,0.004713424,0.023944193,0.607277526,0.002262443,0.017911011,0.273755656,0.021304676,0,0.024509804,0,0.006975867,0.012820513,0.000942685,0,0
5C_E_4,0.003659866,0.01222551,0.743731506,0,0.013393552,0.174427659,0.025852671,0,0.011758293,0,0.004360691,0.006696776,0.000545086,0,0
5C_E_5,0.021791124,0.034414031,0.393967579,0.006245017,0.021791124,0.397023651,0.035078395,0,0.030826468,0,0.012357162,0.025910178,0.001860218,0,0
5C_E_6,0.003203549,0.022178413,0.745687531,0,0.011335633,0.125924101,0.073681617,0,0.009857072,0,0.001478561,0.002710695,0,0,0
5C_E_7,0.035945073,0.033925687,0.262924071,0,0.02180937,0.423263328,0.044022617,0,0.047657512,0,0.018982229,0.051292407,0,0,0
5G_A_1,0.292067081,0,0,0.702280008,0,0,0,0.000565291,0,0,0,0,0,0,0
5G_A_2,0.452959364,0.001987633,0.000883392,0.532243816,0,0,0,0,0,0,0,0,0,0,0
5G_A_3,0.71231319,0,0,0.283625731,0,0,0,0,0,0,0,0,0,0,0
5G_A_4,0.684200709,0,0,0.302368961,0,0,0,0,0,0,0,0,0,0,0
5G_A_5,0.68415978,0,0,0.308953168,0,0,0,0,0,0,0,0,0,0,0
5G_A_6,0.666428145,0,0,0.317233154,0,0,0,0.000715564,0,0,0,0,0,0,0
5G_A_7,0.716611018,0,0.002921536,0.274207012,0,0,0,0,0,0,0,0,0,0,0
5G_B_1,0.329109406,0,0,0.666607175,0,0,0,0,0,0,0,0,0,0,0
5G_B_2,0.551278671,0,0,0.441866596,0,0,0,0.001054574,0,0,0,0,0,0,0
5G_B_3,0.720513687,0,0,0.272727273,0,0,0,0,0,0,0,0,0,0,0
5G_B_4,0.68694422,0,0,0.307396928,0,0,0,0,0,0,0,0,0,0,0
5G_B_5,0.68121763,0,0.000951274,0.308424057,0,0,0,0,0,0,0,0,0,0,0
5G_B_6,0.724169461,0,0,0.265315453,0,0,0,0.003657422,0,0,0,0,0,0,0
5G_B_7,0.674247809,0,0,0.310116086,0,0.000710732,0,0,0,0,0,0,0,0,0
5G_C_1,0.347914135,0.0018226,0.003037667,0.64418793,0,0,0,0,0,0,0,0,0,0,0
5G_C_2,0.532467532,0,0,0.462121212,0,0,0,0,0,0,0,0,0,0,0
5G_C_3,0.744021952,0,0,0.252058016,0,0,0,0.001176009,0,0,0,0,0,0,0
5G_C_4,0.729581041,0,0,0.263013119,0,0,0,0.001057977,0,0,0,0,0,0,0
5G_C_5,0.729799216,0,0.001591577,0.262977473,0,0,0,0,0,0,0,0,0,0,0
5G_C_6,0.768178048,0.000691181,0,0.212883605,0,0,0,0.001658833,0,0,0,0,0,0,0
5G_C_7,0.694550063,0,0,0.297338403,0,0,0,0,0,0,0,0,0,0,0
5G_D_1,0.3203125,0,0.001478041,0.67504223,0,0,0,0,0,0,0,0,0,0,0
5G_D_2,0.455498866,0.003401361,0,0.530612245,0,0,0,0.001133787,0,0,0,0,0,0,0
5G_D_3,0.781108208,0,0,0.2160044,0,0,0,0,0,0,0,0,0,0,0
5G_D_4,0.732351447,0,0,0.26206196,0,0,0,0,0,0,0,0,0,0,0
5G_D_5,0.728481807,0,0,0.265495609,0,0,0,0,0,0,0,0,0,0,0
5G_D_6,0.723159194,0,0,0.271081859,0,0,0,0,0,0,0,0,0,0,0
5G_D_7,0.708677686,0,0.00137741,0.279614325,0,0,0,0,0,0,0,0,0,0,0
5G_E_1,0.245287203,0,0,0.745398093,0,0,0,0.000443557,0.000443557,0,0,0,0,0,0
5G_E_2,0.568215706,0,0,0.425074553,0,0.000497018,0,0,0,0,0,0,0,0,0
5G_E_3,0.728061898,0,0,0.264955652,0,0,0,0.001132289,0,0,0,0,0,0,0
5G_E_4,0.697413206,0,0,0.294417971,0,0,0,0,0,0,0,0,0,0,0
5G_E_5,0.707563411,0,0,0.282681051,0,0,0,0.000918168,0,0,0,0,0,0,0
5G_E_6,0.760393873,0,0.001094092,0.230488694,0,0,0,0,0,0,0,0,0,0,0
5G_E_7,0.670355731,0,0.001581028,0.310671937,0,0,0,0.002371542,0,0,0,0,0,0,0
7C_A_1,0.003549973,0.020753687,0.57755325,0,0,0.273347897,0.066903332,0,0.015019115,0,0.009557619,0.016657564,0,0,0
7C_A_2,0,0.030973451,0.537168142,0,0,0.265486726,0.084513274,0,0.025663717,0,0.012389381,0.021681416,0,0,0
7C_B_1,0.003330003,0.01964702,0.418914419,0,0,0.436896437,0.035298035,0,0.020979021,0,0.012987013,0.038295038,0,0,0
7C_C_1,0.005015432,0.03279321,0.436728395,0,0.005787037,0.309027778,0.080246914,0,0.023148148,0,0.019675926,0.06095679,0.000771605,0,0
7C_D_1,0.003197442,0.037969624,0.335731415,0,0,0.477218225,0.032773781,0,0.018385292,0,0.014388489,0.050359712,0,0,0
7C_E_1,0,0.015807963,0.457259953,0,0,0.369437939,0.056206089,0,0.013466042,0,0.014051522,0.049765808,0,0,0
7G_A_1,0.264428981,0,0,0.72984036,0,0,0,0,0,0,0,0,0,0,0
7G_A_2,0.74127907,0.002180233,0,0.246729651,0,0.001090116,0,0.001453488,0,0,0,0,0,0,0
7G_B_1,0.170339488,0,0,0.820428827,0,0,0,0,0,0,0,0,0,0,0
7G_B_2,0.5625,0,0,0.427526596,0,0,0,0,0,0,0,0,0,0,0
7G_C_2,0.718337218,0,0,0.279331779,0,0,0,0,0,0,0,0,0,0,0
7G_D_2,0.461770624,0,0,0.520791415,0,0,0,0,0,0,0,0,0,0,0
7G_E_1,0.527842227,0,0,0.466744006,0,0,0,0,0,0,0,0,0,0,0
7G_E_2,0.744582043,0,0,0.251160991,0,0,0,0,0,0,0,0,0,0,0
2C_A_4,0.015283914,0.286434299,0.60108002,0.015218459,0.003665521,0.000720013,0,0,0.023433153,0.004647357,0.012011127,0.00490918,0,0.000654557,0
2C_A_6,0.004685071,0.160721039,0.567313753,0.071935796,0.051619816,0.000336149,0.029686121,0,0.035589731,0.00117652,0.016996512,0.036640195,0,0.003172402,0.004748099
2C_A_7,0.008712416,0.169615638,0.48690896,0.137859406,0.049928268,0.00159902,8.97E-05,0,0.033190866,0.000567876,0.017873154,0.042889593,0,0.010625262,0.018261701
2C_B_4,0.010959927,0.273884523,0.651295707,0.010618952,0.003637072,0,0,0,0.018266545,0.002841463,0.007144249,0.001477561,0,0.000617003,0
2C_B_6,0.013694214,0.163685833,0.52917435,0.128947402,0.052971593,0.000180526,0,0,0.02309448,0.000902632,0.016763162,0.023004217,0,0.010625266,0.015744478
2C_C_4,0.014832029,0.264276682,0.64654318,0.012166365,0.001281569,0,0,0,0.021513277,0.001144869,0.011517036,0.005621817,0,0.003964321,0
2C_C_6,0.013002073,0.163562307,0.547348128,0.107886765,0.048674426,0.000188436,0,0,0.033396628,0.000753743,0.017959385,0.026641928,0,0.009233356,0.012886112
2C_D_4,0.024953679,0.299324607,0.621346602,0.011281454,0.001688482,8.97E-05,0,0,0.014329687,0.00295858,0.00502062,0,0,0.000403443,0
2C_D_6,0.024014359,0.233660333,0.49082441,0.097744012,0.049916445,0.000232098,0,0,0.04374265,0.001145015,0.016509872,0,0,0.006560624,0.010707433
2C_D_7,0.025564584,0.237427174,0.420743945,0.160850334,0.050973286,0.000818378,9.74E-05,0,0.047310068,0.001286023,0.013347363,0,0,0.007560258,0.014224197
2C_E_3,0.009615267,0.306175491,0.609825144,0.016180006,0.005747197,0.000451478,0.000158628,0,0.013556551,0.002184179,0.014593731,0.00276988,0,0.001110393,8.54E-05
2C_E_6,0.003685797,0.157937147,0.638836661,0.067597815,0.05267556,0.0001343,0,0,0.034291342,0.000537201,0.010594801,0.019264631,0,0.002536783,0.002999373
2C_E_7,0.004080459,0.1128867,0.688554942,0.06879258,0.046466898,0,0,0,0.033650303,0,0.01206162,0.017022883,0,0.003199655,0.005464579
2G_A_3,0.794219398,0.004879192,0,0.169641503,0.001116425,0.000165396,0.007663363,0,0,0.007249873,0,0.00391438,0,0.002990917,0.000303227
2G_A_4,0.683912931,0.008536901,0.000461954,0.26351676,0.00208803,0,0.008961898,0,0.000221738,0.010347759,0.000221738,0.004508666,0,0.005358661,0.000388041
2G_A_6,0.735760252,0.006595099,0.000697279,0.219003762,0.001510772,0.000276006,0.009849068,0,0.00013074,0.006115719,0,0.004038408,0,0.006043086,0.000406746
2G_A_7,0.782415689,0.004526417,0.001145238,0.163267309,0.00231229,0,0.017505781,0,0.000229048,0.00862746,0.000119977,0.004297369,0,0.004929977,0.00029449
2G_B_3,0.774258228,0.010632911,0.000283544,0.188253165,0.001802532,0,0.007027848,0,0,0.007898734,0.000202532,0.000810127,0,0.001640506,0.000303797
2G_B_4,0.714386776,0.01360063,0.000777179,0.219383637,0.003048932,0.000159421,0.010790829,0,0.000119566,0.014965675,0.000488228,0.001923019,0,0.00426452,0.00059783
2G_B_6,0.733072329,0.009760586,0.001461382,0.223537265,0.002219135,0.000613419,0.009850795,0,5.41E-05,0.00846158,0.00010825,0.000559294,0,0.002056759,0.000198459
2G_B_7,0.710851741,0.007707148,0.0004823,0.235140349,0.002556188,7.72E-05,0.013128195,0,0.000221858,0.012462622,0.000202566,0.001022475,0,0.003482203,0.000520884
2G_C_2,0.73080273,0.003652909,0.000571986,0.235242119,0.001299968,0.000259994,0.007500812,0,0,0.004965876,0,0.007136822,0,0.00241794,0.000181995
2G_C_3,0.785892018,0.002738391,0.000329134,0.185736667,0.00113222,0,0.007596403,0,6.58E-05,0.003317667,0,0.005726924,0,0.002198612,0
2G_C_4,0.732866075,0.003086297,0.000796464,0.228425789,0.001115049,0,0.010891641,0,0.000199116,0.005236749,0,0.007466847,0,0.00312612,0.000139381
2G_C_6,0.70008732,0.007235078,0.000405414,0.233175326,0.001309799,0.000374228,0.019335121,0,0.000280671,0.00916859,0,0.011195659,0,0.006330693,0
2G_C_7,0.77211645,0.002216993,0.003053227,0.179479201,0.001419653,0.000836234,0.015791214,0,0.000369499,0.006009218,0.000155578,0.007526108,0,0.001828047,0
2G_D_2,0.713110218,0.000409018,0.000264658,0.257344273,0.000601497,0,0.011548733,0,4.81E-05,0.00685706,0.000336838,0.000216539,0,0.00175637,0
2G_D_3,0.625362721,0.000262394,0.000401309,0.347703278,0.001111317,0,0.009646848,0,7.72E-05,0.005973328,0.000138915,7.72E-05,0,0.001605236,0
2G_D_4,0.606712545,0.000205766,0.000285786,0.362113903,0.001017399,0,0.008893665,0,8.00E-05,0.008173484,6.86E-05,0.000148609,0,0.001486088,0
2G_D_5,0.640752096,0.009807909,0.02161807,0.289043924,0.00511513,0.000109498,0.013061569,0,0.001173195,0.005506194,0.000484921,0.000437993,0,0.001611188,0.000156426
2G_D_6,0.718562281,0.001724787,0.000674055,0.239963522,0.001447235,0.000515454,0.013738824,0,0,0.008742888,0.000118951,0.000475803,0,0.004738209,0.000277552
2G_D_7,0.624678512,0.000449838,0.000312931,0.333281178,0.002112284,8.80E-05,0.014795764,0,0.000185803,0.008840298,0.000117349,0.00010757,0,0.002073167,0
2G_E_2,0.709289835,0.000649824,0.000278496,0.2584444,0.002413633,0.000172402,0.008765997,0,0,0.005967774,0,6.63E-05,0,0.002506465,7.96E-05
2G_E_4,0.665629652,0.002425276,0.001204275,0.263552277,0.00511817,0.000334521,0.023349558,0,0.000150534,0.012778698,0.000117082,0.00016726,0,0.004415676,0.000200713
2G_E_5,0.676334573,0.01013706,0.02330686,0.250846151,0.004909353,0.000536175,0.009734928,0,0.000904795,0.00784156,0.000619952,0.000854529,0,0.003384605,0
2G_E_6,0.637823372,0.001419187,0.000628497,0.312505069,0.00237207,0.000243289,0.014110778,0,0.000243289,0.010481713,0.000121645,0.000263563,0,0.004358933,0.000121645
2G_E_7,0.614011495,0.000408411,0.000508024,0.342338304,0.003496399,0,0.015041489,0,9.96E-05,0.005727719,0.00015938,0,0,0.002898724,0
3C_A_1,0.003029244,0.104800186,0.679715717,0.053031186,0.099130063,0.001514622,0,0,0.012019884,0.001767059,0.009145986,0.014233562,0,0.001184512,0.000233019
3C_A_2,0.002994215,0.138524812,0.626559252,0.030744373,0.119169755,0.001242882,0,0,0.016213956,0.001638344,0.011366718,0.021343668,0,0.003084606,0.000474555
3C_A_3,0.002009913,0.113832632,0.609642474,0.01332845,0.166064828,0.00064726,0,0,0.021035957,0.000664293,0.014503739,0.033172086,0,0.005842375,0.000536545
3C_A_4,0.001612004,0.098526168,0.439034737,0.165272829,0.156752236,0.000836303,0.031694665,0,0.018010811,0.000521174,0.012992994,0.016992704,0,0.005672315,0.020968172
3C_A_5,0.001862958,0.064884522,0.432104121,0.17459487,0.133750159,0.004210795,0.043460508,0,0.012670665,0.000535919,0.011879546,0.033967079,0,0.006316192,0.022648973
3C_A_6,0.002723043,0.06186693,0.310711133,0.253961129,0.160105929,0.004458608,0.038526565,0,0.011355985,0.000643356,0.006747759,0.020213355,0,0.005206697,0.026781573
3C_B_1,0.004737295,0.197028424,0.601851852,0.051483831,0.090576306,0.001389868,0.00324955,0,0.00912223,0.001096234,0.008084723,0.011373424,0,0.000274058,0
3C_B_2,0.005327651,0.162766922,0.59999424,0.025990295,0.126783683,0.002059065,0.010640902,0,0.010324123,0.001411107,0.010986479,0.017178073,0,0.000878342,0
3C_B_3,0.014055341,0.166625903,0.514308076,0.018751325,0.191206444,0.000790817,0.021164539,0,0.013386815,0.000823428,0.010712713,0.026838853,0,0.00050547,0
3C_B_4,0.004740981,0.126422294,0.297617946,0.238945421,0.169125809,0.001965772,0.041200278,0,0.020166512,0.000948196,0.013725717,0.024259944,0,0.003931545,0.019067993
3C_B_5,0.00307068,0.096031877,0.395770503,0.177441465,0.158341101,0.001974009,0.036281552,0,0.013397671,0,0.01102155,0.022445212,0,0.00290618,0.018424083
3C_B_6,0.002074206,0.111266324,0.237919868,0.29832582,0.168497471,0.006730586,0.040023705,0,0.015535378,0.000465638,0.006921074,0.018350371,0,0.003407624,0.022625775
3C_C_1,0.006307037,0.17550079,0.655405117,0.037073421,0.057745697,0.000925412,0.003473854,0,0.012186962,0.001309814,0.009923262,0.013582198,0,0.00044135,0.000142371
3C_C_2,0.010148939,0.123530015,0.68905877,0.021982045,0.077383829,0.001962421,0.009050569,0,0.012711802,0.001347334,0.010397903,0.018584421,0,0.001025145,0.000248964
3C_C_3,0.002777141,0.086193279,0.716247548,0.005223063,0.127965044,0.000101913,0.015095926,0,0.012407959,0.000433132,0.009363296,0.01208948,0,0.000433132,0
3C_C_4,0.004865636,0.077647886,0.554544099,0.112825263,0.113219199,0.000393936,0.035177377,0,0.016066181,0.000436523,0.014809846,0.023646778,0,0.004322644,0.012084238
3C_C_5,0.003698728,0.057736644,0.516179861,0.135260653,0.11950374,0.000663449,0.042560249,0,0.013534358,0,0.008890216,0.030352789,0,0.003267486,0.016038878
3C_C_6,0.004579212,0.070386652,0.311985879,0.219136111,0.099543744,0.005095414,0.080960469,0,0.01605222,0.000582809,0.010057615,0.043061245,0,0.008592267,0.035168348
3C_D_1,0.003300732,0.107052269,0.659149563,0.054362394,0.109743806,0.000808569,4.43E-05,0,0.01257158,0.001384535,0.009813586,0.01719039,0,0.002757994,0.000974713
3C_D_2,0.003385442,0.128550878,0.635264218,0.028023401,0.114903616,0.002109907,5.75E-05,0,0.020494869,0.001505706,0.01084684,0.024935264,0,0.005217225,0.001342668
3C_D_3,0.004338049,0.070363958,0.680257895,0.007044356,0.163452928,0.000358188,0.015222972,0,0.024456251,0.000517382,0.008178616,0.011501801,0,0.001970032,0.000358188
3C_D_4,0.004553982,0.082244009,0.467017671,0.174942508,0.134486202,0.000847252,0.036734447,0,0.019048051,0,0.009682885,0.020591261,0,0.006309005,0.015961632
3C_D_5,0.004472054,0.055534776,0.454393183,0.174816646,0.09627112,0.001609939,0.044557917,0,0.015237507,0.000471598,0.010033662,0.031727188,0,0.005724229,0.029174052
3C_D_6,0.002263541,0.046240905,0.337978981,0.270541633,0.141907842,0.004898949,0.036103476,0,0.014502829,0,0.007113985,0.01956346,0,0.006790622,0.029927243
3C_E_2,0.009684864,0.241819381,0.535071572,0.043121686,0.091724593,0.000879193,0,0,0.017501442,0.001456164,0.011099816,0.018916394,0,0.000796769,0.000384647
3C_E_3,0.005755487,0.120021926,0.638669281,0.008643771,0.167351844,0.000674636,0.004595956,0,0.026331879,0,0.006915017,0.008074547,0,0.001264942,0
3C_E_4,0.003514757,0.12234455,0.577738151,0.08820489,0.099266036,0.001679847,0.017728847,0,0.017703003,0,0.009536362,0.018245723,0,0.00258438,0.007158733
3C_E_5,0.002612295,0.108577706,0.486864844,0.110814902,0.153562769,0.000843972,0.027837689,0,0.020255335,0.000442081,0.012070143,0.014709231,0,0.002250593,0.013128458
3G_A_1,0.635922018,0.000128684,0.00070776,0.349134603,0.000209111,6.43E-05,0,0,0,0.000868614,0,0,0,0.00416613,0
3G_A_2,0.802107746,0.000191613,0.000663277,0.177522293,0.00028005,0.000162134,0,0,4.42E-05,0.003080551,0.000191613,0,0,0.0062348,0
3G_A_3,0.667394075,0,0.000621217,0.308282893,0,0.000302644,0,0,0,0.001847722,0,0,0,0.009413826,0
3G_A_4,0.790253385,0.000181947,0.000632027,0.18492521,0.000153219,0.000239404,0.00119702,0,0,0.004261391,0,0,0,0.007718384,0
3G_A_5,0.810904152,0,0.001254689,0.173289355,0,0.000142284,6.47E-05,0,0,0.002134265,0,0,0,0.005562023,0
3G_A_6,0.71597375,0.000682801,0.001460435,0.25917988,0,0.0001138,0.0001138,0,0,0.002313937,0.000189667,5.69E-05,0,0.00711251,0
3G_A_7,0.788456113,0,0,0.180776027,0,0,0.010602438,0,0,0.002108608,0,0,0,0.008285939,0
3G_B_1,0.67681265,0,0.000998648,0.307323416,0.000104026,0.000135234,0,0,0,0.001695621,0,0,0,0.00427546,0
3G_B_3,0.661757226,0.000132688,0.000873527,0.316305093,8.85E-05,0.000199031,0,0,0,0.002919127,0,0,0,0.007518963,0
3G_B_4,0.800659539,0.000254976,0.001954818,0.169117272,0.00032297,0.000237978,0.000152986,0,0,0.005949447,0,0,0,0.008074249,0
3G_B_5,0.828745595,0.000457186,0.00234308,0.143175541,0,0,0.006343461,0,0,0.004838556,0,0,0,0.00640061,0
3G_B_6,0.707254985,0,0.027153161,0.21637675,0,0.005091218,0,0,0,0,0,0,0,0.00466695,0
3G_C_2,0.755695067,0.000343797,0.002077728,0.223363229,0.000762332,0.000179372,0.002720478,0,2.99E-05,0.003976084,0.000164425,0,0,0.003617339,0
3G_C_3,0.667877175,0.000323601,0.00075507,0.311088739,0.000479409,0.000143823,0.001078671,0,0,0.003367851,0,2.40E-05,0,0.006771657,0
3G_C_4,0.738426359,0.000124727,0.000893878,0.215029623,0.000727575,0.000249454,0.018688286,0,0,0.005384056,0,0,0,0.005155389,0
3G_C_5,0.803198017,0.000228602,0.000962533,0.172473951,0.000372982,0.000240633,0.006870082,0,0,0.003705754,0,0,0,0.003513247,8.42E-05
3G_C_6,0.716030744,0.000422729,0.000334889,0.257474609,0.000269009,0.0001098,0.001032116,0,0,0.003431238,7.69E-05,0,0,0.007834203,0
3G_D_1,0.602380952,0.000208551,0.001581509,0.378919013,8.69E-05,8.69E-05,0,0,0,0.003927702,0,0,0,0.002763295,0
3G_D_2,0.714342235,0.000256007,0.001314947,0.262675278,0.000116367,0.000162914,0,0,0,0.004631407,0,0,0,0.005248153,0
3G_D_3,0.631860323,7.65E-05,0.000688765,0.34867932,4.37E-05,6.56E-05,7.65E-05,0,0,0.003771811,0,0,0,0.006483142,0
3G_D_4,0.794080734,0.000307361,0.001203832,0.162555709,0,0.000217714,0.010949746,0,0,0.006710722,0,0,0,0.008247528,0
3G_D_5,0.803117709,0,0.001499885,0.171204779,0.000166654,0.000192293,0.007153296,0,0,0.003204882,0,0,0,0.004371459,0
3G_D_6,0.733530607,0.00053802,0.001270325,0.242378049,0.000134505,0.00014945,0,0,0,0.002974055,0,0,0,0.005260641,0
3G_E_1,0.595492103,0.000679845,0.003922184,0.382857442,0,0.000418366,0,0,0,0.003242339,0,0,0,0.004706621,0
3G_E_2,0.68143359,0.000394986,0.001860591,0.292081575,0.000187099,0.00081076,0.000280648,0,0.000103944,0.004116167,0,7.28E-05,0,0.006870673,0
3G_E_3,0.592436166,0.000132361,0.000705926,0.384031638,0,6.42E-05,0.000112306,0,0,0.003854515,0.000132361,0,0,0.007356067,0
3G_E_4,0.81028104,0.000295973,0.00153368,0.135313665,0,0.00028252,0.020206912,0,0.000107627,0.007170629,0,4.04E-05,0,0.009094456,6.73E-05
3G_E_5,0.810376197,0.000330803,0.000514583,0.148696084,0,0,0.014555345,0,0,0.005807436,0,0,0,0.007553342,0
3G_E_6,0.716317027,0.000175185,0.000905123,0.25070439,0,0.000102191,8.76E-05,0,0,0.002496387,0.000175185,0,0,0.013445452,0
7C_A_3,0.003672725,0.032706021,0.464800815,0.00104552,0.000268082,0.338292853,0.076269369,0,0.018926599,0.000134041,0.012197737,0.023483995,0,0,0.001957
7C_A_4,0.00648006,0.028015299,0.529148091,0.001583473,0.000803917,0.301517698,0.061316963,0,0.018855514,0,0.011279203,0.017077152,0,0,0.001656557
7C_A_5,0.00617248,0.030775054,0.457899028,0.001310196,0.000174693,0.380946835,0.061812147,0,0.015780586,0,0.009811914,0.01479066,0,0,0.001077272
7C_A_6,0.002140917,0.026617671,0.457804761,0.000543218,0,0.394120467,0.046365234,0,0.021920435,0,0.010289184,0.014379294,0,0,0.001725515
7C_A_7,0.002287385,0.035033107,0.368595752,0.000601943,0.000189182,0.476721988,0.04478459,0,0.019726546,0,0.008134835,0.017163987,0,0,0.00159945
7C_B_2,0.005229481,0.017537892,0.411130716,0.002083289,0.000382645,0.475903999,0.022320954,0,0.026806403,0,0.005739674,0.020981697,0,0,0.001190451
7C_B_3,0.002654847,0.014579162,0.402209373,0.000854951,0.000607465,0.479087452,0.035862938,0,0.029405809,0,0.00573717,0.014174185,0,0,0.001192431
7C_B_4,0.004478636,0.013688735,0.39346986,0.001553075,0.000433416,0.474663199,0.039910427,0,0.02589663,0,0.005923358,0.023223896,0,0,0.001697548
7C_B_5,0.00338178,0.008872423,0.333884298,0.000664957,0.000322979,0.549102308,0.026218296,0,0.025135366,0,0.003438776,0.034216776,0,0,0.001956873
7C_B_6,0.001941912,0.009392942,0.355918609,0.000485478,0.000886525,0.54945542,0.024759372,0,0.021973151,0,0.0038205,0.017857143,0,0,0.001540865
7C_B_7,0.001706573,0.016341728,0.224776336,0,0.000258572,0.592620365,0.039328748,0,0.037777318,0,0.007033149,0.044655324,0,0,0.002249573
7C_C_2,0.004928994,0.035411995,0.33402016,0.000848433,0.001757469,0.449043492,0.064905157,0,0.022483486,0,0.011211442,0.049027332,0,4.04E-05,0.004585581
7C_C_3,0.004289884,0.071943458,0.292028552,0.001090052,0.001793312,0.465839165,0.061078097,0,0.021132951,0,0.008861071,0.043953726,0,0,0.005028306
7C_C_4,0.004582385,0.016080515,0.438418937,0.000927722,0.000365466,0.46768435,0.025948104,0,0.010317393,0,0.00463861,0.016895786,0,0,0.002473925
7C_C_5,0.00594517,0.041728362,0.358549827,0.001323642,0.000807646,0.491542155,0.032575044,0,0.016870822,0,0.006438731,0.026652309,0,0,0.003746579
7C_C_6,0.003034934,0.016200873,0.524912664,0.000480349,0.000786026,0.388995633,0.026069869,0,0.013624454,0,0.004650655,0.010545852,0,0,0.001572052
7C_C_7,0.004442626,0.078505875,0.257423862,0.02645116,0.001271409,0.425805226,0.029067049,0,0.015198457,0,0.006561641,0.021964693,0,0,0.011793418
7C_D_2,0.005563059,0.040383691,0.31871981,0.001533848,0.000503651,0.477370024,0.031157712,0,0.022252238,0,0.007875278,0.056912616,0,0,0.005517273
7C_D_3,0.008466589,0.026405077,0.316656718,0.002419025,0.000345575,0.535782728,0.030819013,0,0.012959065,0,0.006283183,0.032169897,0,0.000109956,0.004429644
7C_D_4,0.004539664,0.033954835,0.446253619,0.00104227,0.001065431,0.419432542,0.039536769,0,0.013943254,0,0.006740012,0.019224088,0,6.95E-05,0.003173133
7C_D_5,0.006063094,0.022989232,0.276849717,0.00091578,0,0.567215082,0.034389112,0,0.015315628,0,0.005052578,0.045946885,0,0,0.004768371
7C_D_6,0.006178203,0.013032146,0.431856357,0.000521286,0.000115841,0.461704798,0.022782122,0,0.013456897,0,0.004498504,0.025311323,0,0,0.003687615
7C_D_7,0.012886425,0.025991263,0.18452621,0.00109207,0,0.561928763,0.032442876,0,0.016851478,0,0.006905242,0.066263441,0,0,0.007006048
7C_E_2,0.005205106,0.016606767,0.424340067,0.00167307,0.000433759,0.38672698,0.042136572,0,0.028813979,0,0.011215764,0.042694262,0,0,0.005452968
7C_E_3,0.004823645,0.008602679,0.443468109,0.001413297,0.000645201,0.432684036,0.046116505,0,0.016252919,0,0.006605629,0.017512597,0,0,0.003195281
7C_E_5,0.004021919,0.00661103,0.422050173,0.001181439,0.000226233,0.484565884,0.03222563,0,0.014805691,0,0.004650344,0.013875622,0,0,0.002061234
7C_E_6,0.002066447,0.004901804,0.459824432,0.000416493,0.000272322,0.471886714,0.022907122,0,0.011982187,0,0.003363983,0.009018678,0,0,0.00201839
7C_E_7,0.001431829,0.007172403,0.274354351,0.000291669,0.000278411,0.597059447,0.029789998,0,0.016028531,0,0.005753831,0.029697195,0,0,0.0031951
7G_A_3,0.809029931,0.000450933,0.001719182,0.181838679,0,0.000704583,0.00025365,0,0,0,0,0,0,0.001437349,0
7G_A_4,0.697377848,0.000687778,0.00286574,0.286201462,0.000372546,0.000974352,0,0,0,0,0,0,0,0.002321249,0
7G_A_5,0.816380007,0.000306637,0.001115045,0.173528838,0,0.00050177,0,0,0,0,0,0,0,0.00143562,0
7G_A_6,0.734657172,0,0.000935986,0.248531787,0,0.000330348,0,0,0,0,0,0,0,0.002349141,0
7G_A_7,0.690413931,0,0.000417269,0.290948036,0,0.000222544,0,0,0,0,0,0,0,0.006203405,0
7G_B_3,0.778560733,0.000748701,0.003787545,0.211574033,0,0.001585484,0,0,0,0,0,0,0,0.001981855,0
7G_B_4,0.762932677,0.000623679,0.004123211,0.222861301,0.000415786,0.000658328,0.000242542,0,0,0,0,0,0,0.001455251,0
7G_B_5,0.775145518,0.000291036,0.002289484,0.211078774,0.000135817,0.000310438,0,0,5.82E-05,0,0,0,0,0.001979045,0
7G_B_6,0.742954227,0,0.001284943,0.244196339,0,0,0,0,0,0,0,0,0,0.00345507,0
7G_B_7,0.729131618,0,0.000259872,0.259324607,0,0,0,0,0,0,0,0,0,0.00408956,0
7G_C_3,0.787291169,0.000367175,0.001744079,0.201693593,0,0.000711401,0,0,0,0,0,0,0,0.001675234,0
7G_C_4,0.760912698,0.000476954,0.001488095,0.227316087,7.63E-05,0.000438797,5.72E-05,0,0,0,0,0,0,0.001087454,0
7G_C_5,0.711346969,0.000351444,0.002296104,0.271197957,0.000187437,0.000679459,0.000117148,0,0,0,0,0,0,0.002272674,0
7G_C_6,0.756073806,0.000121747,0.000771062,0.232901358,0,0.00031113,0,0,0,0,0,0,0,0.002259077,0
7G_C_7,0.705706364,0,0.000283706,0.283138823,0,0,0,0,0,0,0,0,0,0.002914437,0
7G_D_3,0.779549989,0.00024039,0.001466381,0.20746893,4.81E-05,0.000444722,0.001646674,0,0,0,0,0,0,0.002776509,0
7G_D_4,0.723791253,0.000582821,0.00344836,0.254595789,0.00016999,0.000825664,0,0,0,0,0,0,0,0.004225455,0
7G_D_5,0.84256742,0,0.002374926,0.147557889,0.000468735,0.00062498,0,0,0,0,0,0,0,0.002999906,0
7G_D_6,0.832215638,0,0.00066876,0.157232821,0,0.000204343,0,0,0,0,0,0,0,0.004774201,0
7G_D_7,0.67463541,0.000181022,0.000724088,0.306413839,0,0.000305475,0,0,0,0,0,0,0,0.009548916,0
7G_E_3,0.8315316,0,0.000718174,0.160568491,0,0.000415785,0,0,0,0,0,0,0,0.002759298,0
7G_E_4,0.761637154,0.000339307,0.001844979,0.226762804,0.000169653,0.000657406,0,0,0,0,0,0,0,0.002481179,0
7G_E_5,0.783374661,0.000401464,0.00153501,0.206683198,7.08E-05,0.000661235,0,0,0,0,0,0,0,0.002030936,0
7G_E_6,0.691724995,0.000184196,0.000874931,0.291812488,0,0,0,0,0,0,0,0,0,0.004489777,0
7G_E_7,0.714139631,0.00014008,0.00054631,0.275242338,0,0.000280159,0,0,0,0,0,0,0,0.004398498,0
